-- phpMyAdmin SQL Dump
-- version 5.1.1
-- https://www.phpmyadmin.net/
--
-- Host: 127.0.0.1
-- Czas generowania: 19 Sty 2022, 23:31
-- Wersja serwera: 10.4.21-MariaDB
-- Wersja PHP: 7.3.31

SET SQL_MODE = "NO_AUTO_VALUE_ON_ZERO";
START TRANSACTION;
SET time_zone = "+00:00";


/*!40101 SET @OLD_CHARACTER_SET_CLIENT=@@CHARACTER_SET_CLIENT */;
/*!40101 SET @OLD_CHARACTER_SET_RESULTS=@@CHARACTER_SET_RESULTS */;
/*!40101 SET @OLD_COLLATION_CONNECTION=@@COLLATION_CONNECTION */;
/*!40101 SET NAMES utf8mb4 */;

--
-- Baza danych: `e-nurse`
--

-- --------------------------------------------------------

--
-- Struktura tabeli dla tabeli `choroby`
--

CREATE TABLE `choroby` (
  `id_choroby` int(11) NOT NULL,
  `choroba` varchar(30) COLLATE utf8_polish_ci NOT NULL
) ENGINE=InnoDB DEFAULT CHARSET=utf8 COLLATE=utf8_polish_ci;

--
-- Zrzut danych tabeli `choroby`
--

INSERT INTO `choroby` (`id_choroby`, `choroba`) VALUES
(1, 'Anemia'),
(2, 'Cukrzyca typu I'),
(3, 'Cukrzyca typu II'),
(4, 'Zaburzenia lękowe'),
(5, 'Astma'),
(6, 'Depresja'),
(7, 'Otyłość'),
(8, 'Alergia'),
(9, 'Częste bóle głowy'),
(10, 'Nowotwór złośliwy'),
(11, 'Reumatoidalne zapalenie stawów'),
(12, 'Zapalenie stawów i/lub kości'),
(13, 'Choroba wrzodowa żołądka lub d'),
(14, 'Wysokie ciśnienie krwi'),
(15, 'Przewlekłe choroby nerek'),
(16, 'Bóle szyi'),
(17, 'Choroby tarczycy'),
(18, 'Przewlekłe zapalenie oskrzeli');

-- --------------------------------------------------------

--
-- Struktura tabeli dla tabeli `dziennik`
--

CREATE TABLE `dziennik` (
  `Id_Wpisu` int(11) NOT NULL,
  `Data` datetime DEFAULT NULL,
  `Id_Ucznia` int(11) DEFAULT NULL,
  `Id_Klasy` int(11) DEFAULT NULL,
  `Id_Szkoly` int(11) DEFAULT NULL,
  `Opis_Zdarzenia` varchar(1000) COLLATE utf8_polish_ci DEFAULT NULL,
  `Co_Podano` varchar(255) COLLATE utf8_polish_ci DEFAULT NULL,
  `Nurse_Id` int(11) NOT NULL
) ENGINE=InnoDB DEFAULT CHARSET=utf8 COLLATE=utf8_polish_ci;

--
-- Zrzut danych tabeli `dziennik`
--

INSERT INTO `dziennik` (`Id_Wpisu`, `Data`, `Id_Ucznia`, `Id_Klasy`, `Id_Szkoly`, `Opis_Zdarzenia`, `Co_Podano`, `Nurse_Id`) VALUES
(1, '2021-11-16 13:17:31', 28, 4, 4, 'Uczeń skarżył się na ból brzucha. Zadzwoniono do opiekuna prawnego, który odebrał ucznia ze szkoły.', 'Paracetamolum, Herbata miętowa', 1),
(2, '2021-11-02 09:18:18', 62, 9, 4, 'Według uczennicy otarła kolano na zajęciach z wychowania fizycznego. Skarżyła się na pieczenie. Ranę opatrzono.', 'Paracetamolum, Opatrunek', 4),
(3, '2021-11-14 13:25:49', 78, 12, 5, 'Uczeń skarżył się na silną biegunkę. Uczeń został odebrany przez opiekuna prawnego. Zalecono obserwację stanu ucznia i w razie pogorszenia - kontakt z lekarzem rodzinnym lub szpital.', 'Carbo medicinalis', 3),
(4, '2021-11-23 08:31:45', NULL, 1, 4, 'Fluoryzacja. Każdy z uczniów w klasie był obecny.', 'ELMEX JUNIOR', 1),
(5, '2021-12-19 12:34:33', 68, 11, 5, 'Uczeń na przerwie upadł i uderzył się w łokieć. Skarżył się na bardzo mocny ból. Nie można było ucznia uspokoić. Była widoczna opuchlizna. Uczeń nie mógł normalnie ruszać ręką. Została wezwana karetka na miejsce. Podejrzenie zwichnięcia łokcia.', 'Paracetamolum, Opatrunek, Neospasmina', 2);

-- --------------------------------------------------------

--
-- Struktura tabeli dla tabeli `kzu`
--

CREATE TABLE `kzu` (
  `Id_Karty` int(11) NOT NULL,
  `Id_Ucznia` int(11) DEFAULT NULL,
  `Niepelnosprawnosc` tinyint(1) DEFAULT NULL,
  `Nurse_Id` int(11) NOT NULL
) ENGINE=InnoDB DEFAULT CHARSET=utf8 COLLATE=utf8_polish_ci;

--
-- Zrzut danych tabeli `kzu`
--

INSERT INTO `kzu` (`Id_Karty`, `Id_Ucznia`, `Niepelnosprawnosc`, `Nurse_Id`) VALUES
(1, 2, 0, 1),
(2, 3, 0, 1),
(3, 4, 0, 4),
(4, 5, 0, 4),
(5, 6, 0, 1),
(6, 7, 0, 4),
(7, 8, 0, 4),
(8, 9, 0, 1),
(9, 10, 0, 1),
(10, 11, 0, 1),
(11, 12, 0, 4),
(12, 13, 0, 1),
(13, 14, 0, 4),
(14, 15, 0, 1),
(15, 16, 0, 4),
(16, 18, 0, 4),
(17, 19, 0, 4),
(18, 20, 0, 4),
(19, 21, 0, 1),
(20, 22, 0, 1),
(21, 23, 0, 1),
(22, 24, 0, 1),
(23, 25, 0, 4),
(24, 26, 0, 4),
(25, 27, 0, 4),
(26, 28, 0, 1),
(27, 29, 0, 4),
(28, 30, 0, 1),
(29, 31, 0, 4),
(30, 32, 0, 1),
(31, 33, 0, 4),
(32, 34, 0, 1),
(33, 35, 0, 1),
(34, 36, 0, 1),
(35, 37, 0, 4),
(36, 38, 0, 4),
(37, 39, 0, 1),
(38, 40, 0, 4),
(39, 41, 0, 1),
(40, 42, 0, 1),
(41, 43, 0, 4),
(42, 44, 0, 1),
(43, 45, 0, 1),
(44, 46, 0, 4),
(45, 47, 0, 1),
(46, 48, 0, 4),
(47, 49, 0, 1),
(48, 50, 0, 4),
(49, 51, 0, 1),
(50, 52, 0, 1),
(51, 53, 0, 4),
(52, 54, 0, 4),
(53, 55, 0, 4),
(54, 56, 0, 4),
(55, 57, 0, 1),
(56, 58, 0, 1),
(57, 59, 0, 1),
(58, 60, 0, 1),
(59, 61, 0, 4),
(60, 62, 0, 1),
(61, 63, 0, 4),
(62, 64, 0, 2),
(63, 65, 0, 2),
(64, 66, 0, 2),
(65, 67, 0, 2),
(66, 68, 0, 3),
(67, 69, 0, 2),
(68, 70, 0, 2),
(69, 71, 0, 3),
(70, 72, 0, 3),
(71, 73, 0, 3),
(72, 74, 0, 3),
(73, 75, 0, 2),
(74, 76, 0, 3),
(75, 77, 0, 3),
(76, 78, 0, 3),
(77, 79, 0, 3),
(78, 80, 0, 3),
(79, 81, 0, 3),
(80, 82, 0, 2),
(81, 83, 0, 3),
(82, 84, 0, 2),
(83, 85, 0, 2),
(84, 86, 0, 2),
(85, 87, 0, 2),
(86, 88, 0, 2),
(87, 89, 0, 3),
(88, 90, 0, 2),
(89, 91, 0, 3);

-- --------------------------------------------------------

--
-- Struktura tabeli dla tabeli `kzu_choroby`
--

CREATE TABLE `kzu_choroby` (
  `Id_Karty` int(11) NOT NULL,
  `Id_Choroby` int(11) NOT NULL,
  `Rok_Zycia` int(11) DEFAULT NULL,
  `Rodzaj_Choroby` varchar(255) COLLATE utf8_polish_ci DEFAULT NULL
) ENGINE=InnoDB DEFAULT CHARSET=utf8 COLLATE=utf8_polish_ci;

--
-- Zrzut danych tabeli `kzu_choroby`
--

INSERT INTO `kzu_choroby` (`Id_Karty`, `Id_Choroby`, `Rok_Zycia`, `Rodzaj_Choroby`) VALUES
(7, 18, 5, NULL),
(9, 14, 6, NULL),
(14, 2, 4, NULL),
(15, 17, 5, NULL),
(21, 8, 7, 'Orzechy, Soja'),
(61, 8, 11, 'Pyłki kurzu, Pyłki leszczyny'),
(64, 8, 10, 'Sierść kota, Pyłki leszczyny'),
(78, 6, 8, NULL);

-- --------------------------------------------------------

--
-- Struktura tabeli dla tabeli `kzu_cisnienie_tetnicze_krwi`
--

CREATE TABLE `kzu_cisnienie_tetnicze_krwi` (
  `Id_Karty` int(11) DEFAULT NULL,
  `Id_Badania` int(11) NOT NULL,
  `Data_Badania` datetime DEFAULT NULL,
  `Wynik` varchar(7) COLLATE utf8_polish_ci DEFAULT NULL,
  `Centyl` varchar(10) COLLATE utf8_polish_ci DEFAULT NULL
) ENGINE=InnoDB DEFAULT CHARSET=utf8 COLLATE=utf8_polish_ci;

--
-- Zrzut danych tabeli `kzu_cisnienie_tetnicze_krwi`
--

INSERT INTO `kzu_cisnienie_tetnicze_krwi` (`Id_Karty`, `Id_Badania`, `Data_Badania`, `Wynik`, `Centyl`) VALUES
(1, 1, '2022-01-10 20:17:01', '92/47', '18/3'),
(2, 2, '2022-01-10 20:17:01', '95/62', '12/92'),
(3, 3, '2022-01-10 20:17:01', '94/45', '23/3'),
(4, 4, '2022-01-10 20:17:01', '99/58', '39/82'),
(5, 5, '2022-01-10 20:17:01', '88/52', '5/50'),
(6, 6, '2022-01-10 20:17:01', '88/62', '4/93'),
(7, 7, '2021-01-10 20:17:01', '102/57', '56/84'),
(8, 8, '2021-01-10 20:17:01', '119/44', '95/5'),
(9, 9, '2021-01-10 20:17:01', '95/56', '20/75'),
(10, 10, '2021-01-10 20:17:01', '84/74', '3/96'),
(11, 11, '2021-01-10 20:17:01', '111/53', '79/72'),
(12, 12, '2021-01-10 20:17:01', '86/47', '5/4'),
(13, 13, '2021-01-10 20:17:01', '103/53', '74/59'),
(14, 14, '2020-01-10 20:17:01', '98/76', '40/98'),
(15, 15, '2020-01-10 20:17:01', '112/59', '86/80'),
(16, 16, '2020-01-10 20:17:01', '117/61', '91/92'),
(17, 17, '2020-01-10 20:17:01', '99/48', '50/47'),
(18, 18, '2020-01-10 20:17:01', '98/48', '35/45'),
(19, 19, '2020-01-10 20:17:01', '89/68', '10/99'),
(20, 20, '2022-01-10 20:17:01', '110/60', '59/83'),
(20, 21, '2019-01-10 20:17:01', '86/48', '3/37'),
(21, 22, '2022-01-10 20:17:01', '90/48', '5/3'),
(21, 23, '2019-01-10 20:17:01', '92/51', '16/56'),
(22, 24, '2022-01-10 20:17:01', '101/66', '43/95'),
(22, 25, '2019-01-10 20:17:01', '109/65', '83/95'),
(23, 26, '2022-01-10 20:17:01', '110/77', '73/95'),
(23, 27, '2019-01-10 20:17:01', '98/63', '34/94'),
(24, 28, '2022-01-10 20:17:01', '105/46', '73/5'),
(24, 29, '2019-01-10 20:17:01', '124/46', '95/5'),
(25, 30, '2022-01-10 20:17:01', '93/51', '7/39'),
(25, 31, '2019-01-10 20:17:01', '110/77', '89/98'),
(26, 32, '2022-01-10 20:17:01', '98/53', '16/71'),
(26, 33, '2019-01-10 20:17:01', '88/43', '4/2'),
(27, 34, '2021-01-10 20:17:01', '105/53', '67/71'),
(27, 35, '2018-01-10 20:17:01', '119/60', '96/94'),
(28, 36, '2021-01-10 20:17:01', '111/65', '84/95'),
(28, 37, '2018-01-10 20:17:01', '92/48', '25/31'),
(29, 38, '2021-01-10 20:17:01', '120/48', '95/4'),
(29, 39, '2018-01-10 20:17:01', '122/55', '98/87'),
(30, 40, '2021-01-10 20:17:01', '110/56', '67/88'),
(30, 41, '2018-01-10 20:17:01', '112/48', '89/49'),
(31, 42, '2021-01-10 20:17:01', '103/57', '35/82'),
(31, 43, '2018-01-10 20:17:01', '94/75', '25/97'),
(32, 44, '2021-01-10 20:17:01', '112/48', '80/4'),
(32, 45, '2018-01-10 20:17:01', '112/64', '79/90'),
(33, 46, '2021-01-10 20:17:01', '99/75', '49/98'),
(33, 47, '2018-01-10 20:17:01', '100/60', '28/94'),
(34, 48, '2022-01-10 20:17:01', '119/49', '90/5'),
(34, 49, '2020-01-10 20:17:01', '87/67', '4/97'),
(34, 50, '2017-01-10 20:17:01', '105/68', '75/96'),
(35, 51, '2022-01-10 20:17:01', '103/54', '31/74'),
(35, 52, '2020-01-10 20:17:01', '115/59', '87/85'),
(35, 53, '2017-01-10 20:17:01', '115/44', '93/4'),
(36, 54, '2022-01-10 20:17:01', '107/66', '58/91'),
(36, 55, '2020-01-10 20:17:01', '101/62', '26/90'),
(36, 56, '2017-01-10 20:17:01', '107/64', '56/92'),
(37, 57, '2022-01-10 20:17:01', '124/51', '97/30'),
(37, 58, '2020-01-10 20:17:01', '99/68', '40/96'),
(37, 59, '2017-01-10 20:17:01', '98/53', '30/66'),
(38, 60, '2022-01-10 20:17:01', '116/54', '86/63'),
(38, 61, '2020-01-10 20:17:01', '115/74', '82/96'),
(38, 62, '2017-01-10 20:17:01', '84/69', '5/97'),
(39, 63, '2022-01-10 20:17:01', '92/75', '2/97'),
(39, 64, '2020-01-10 20:17:01', '107/51', '56/25'),
(39, 65, '2017-01-10 20:17:01', '88/45', '4/2'),
(40, 66, '2022-01-10 20:17:01', '123/78', '99/96'),
(40, 67, '2020-01-10 20:17:01', '125/63', '97/93'),
(40, 68, '2017-01-10 20:17:01', '92/49', '16/30'),
(41, 69, '2021-01-10 20:17:01', '127/56', '98/63'),
(41, 70, '2019-01-10 20:17:01', '108/62', '68/92'),
(41, 71, '2016-01-10 20:17:01', '98/58', '39/81'),
(42, 72, '2021-01-10 20:17:01', '128/79', '98/95'),
(42, 73, '2019-01-10 20:17:01', '94/67', '25/96'),
(42, 74, '2016-01-10 20:17:01', '119/75', '96/95'),
(43, 75, '2021-01-10 20:17:01', '117/54', '85/67'),
(43, 76, '2019-01-10 20:17:01', '102/65', '40/94'),
(43, 77, '2016-01-10 20:17:01', '104/60', '57/93'),
(44, 78, '2021-01-10 20:17:01', '129/66', '95/90'),
(44, 79, '2019-01-10 20:17:01', '101/59', '28/84'),
(44, 80, '2016-01-10 20:17:01', '85/67', '3/99'),
(45, 81, '2021-01-10 20:17:01', '123/64', '98/95'),
(45, 82, '2019-01-10 20:17:01', '85/58', '3/90'),
(45, 83, '2016-01-10 20:17:01', '94/62', '16/91'),
(46, 84, '2021-01-10 20:17:01', '106/64', '47/92'),
(46, 85, '2019-01-10 20:17:01', '104/55', '75/53'),
(46, 86, '2016-01-10 20:17:01', '108/68', '77/99'),
(47, 87, '2021-01-10 20:17:01', '96/78', '16/96'),
(47, 88, '2019-01-10 20:17:01', '92/62', '8/95'),
(47, 89, '2016-01-10 20:17:01', '113/47', '87/4'),
(48, 90, '2022-01-10 20:17:01', '111/54', '75/64'),
(48, 91, '2020-01-10 20:17:01', '121/51', '93/26'),
(48, 92, '2018-01-10 20:17:01', '110/45', '61/2'),
(48, 93, '2015-01-10 20:17:01', '124/57', '99/80'),
(49, 94, '2022-01-10 20:17:01', '120/76', '81/96'),
(49, 95, '2020-01-10 20:17:01', '111/59', '64/85'),
(49, 96, '2018-01-10 20:17:01', '86/53', '2/52'),
(49, 97, '2015-01-10 20:17:01', '108/43', '77/4'),
(50, 98, '2022-01-10 20:17:01', '129/48', '99/5'),
(50, 99, '2020-01-10 20:17:01', '94/72', '8/97'),
(50, 100, '2018-01-10 20:17:01', '124/78', '99/97'),
(50, 101, '2015-01-10 20:17:01', '83/74', '3/99'),
(51, 102, '2022-01-10 20:17:01', '118/79', '89/97'),
(51, 103, '2020-01-10 20:17:01', '114/61', '81/84'),
(51, 104, '2018-01-10 20:17:01', '89/73', '3/95'),
(51, 105, '2015-01-10 20:17:01', '112/66', '78/97'),
(52, 106, '2022-01-10 20:17:01', '116/70', '74/95'),
(52, 107, '2020-01-10 20:17:01', '92/72', '2/98'),
(52, 108, '2018-01-10 20:17:01', '91/65', '10/94'),
(52, 109, '2015-01-10 20:17:01', '119/64', '95/92'),
(53, 110, '2022-01-10 20:17:01', '116/51', '55/49'),
(53, 111, '2020-01-10 20:17:01', '87/66', '4/92'),
(53, 112, '2018-01-10 20:17:01', '116/52', '87/64'),
(53, 113, '2015-01-10 20:17:01', '120/57', '95/76'),
(54, 114, '2022-01-10 20:17:01', '95/75', '1/99'),
(54, 115, '2020-01-10 20:17:01', '90/68', '1/95'),
(54, 116, '2018-01-10 20:17:01', '96/59', '23/86'),
(54, 117, '2015-01-10 20:17:01', '85/77', '2/95'),
(55, 118, '2021-01-10 20:17:01', '106/77', '49/99'),
(55, 119, '2019-01-10 20:17:01', '119/55', '95/51'),
(55, 120, '2017-01-10 20:17:01', '109/60', '67/84'),
(55, 121, '2014-01-10 20:17:01', '108/72', '75/97'),
(56, 122, '2021-01-10 20:17:01', '104/77', '20/96'),
(56, 123, '2019-01-10 20:17:01', '119/47', '91/4'),
(56, 124, '2017-01-10 20:17:01', '87/46', '4/3'),
(56, 125, '2014-01-10 20:17:01', '117/49', '92/48'),
(57, 126, '2021-01-10 20:17:01', '119/52', '83/38'),
(57, 127, '2019-01-10 20:17:01', '102/66', '29/94'),
(57, 128, '2017-01-10 20:17:01', '107/53', '50/72'),
(57, 129, '2014-01-10 20:17:01', '101/67', '49/98'),
(58, 130, '2021-01-10 20:17:01', '134/57', '96/74'),
(58, 131, '2019-01-10 20:17:01', '97/52', '22/32'),
(58, 132, '2017-01-10 20:17:01', '126/47', '99/4'),
(58, 133, '2014-01-10 20:17:01', '114/45', '95/5'),
(59, 134, '2021-01-10 20:17:01', '107/81', '43/99'),
(59, 135, '2019-01-10 20:17:01', '88/57', '5/81'),
(59, 136, '2017-01-10 20:17:01', '101/57', '31/84'),
(59, 137, '2014-01-10 20:17:01', '112/47', '79/4'),
(60, 138, '2021-01-10 20:17:01', '97/58', '9/76'),
(60, 139, '2019-01-10 20:17:01', '121/46', '95/4'),
(60, 140, '2017-01-10 20:17:01', '124/53', '99/52'),
(60, 141, '2014-01-10 20:17:01', '99/49', '36/31'),
(61, 142, '2021-01-10 20:17:01', '103/61', '10/90'),
(61, 143, '2019-01-10 20:17:01', '98/53', '21/65'),
(61, 144, '2017-01-10 20:17:01', '101/62', '35/91'),
(61, 145, '2014-01-10 20:17:01', '84/73', '1/96'),
(62, 146, '2022-01-10 20:17:01', '120/70', '62/98'),
(62, 147, '2020-01-10 20:17:01', '99/75', '16/95'),
(62, 148, '2018-01-10 20:17:01', '117/47', '81/1'),
(62, 149, '2016-01-10 20:17:01', '99/50', '43/41'),
(62, 150, '2013-01-10 20:17:01', '122/69', '96/98'),
(63, 151, '2022-01-10 20:17:01', '113/71', '32/98'),
(63, 152, '2020-01-10 20:17:01', '129/51', '98/32'),
(63, 153, '2018-01-10 20:17:01', '100/74', '17/98'),
(63, 154, '2016-01-10 20:17:01', '120/66', '98/95'),
(63, 155, '2013-01-10 20:17:01', '93/68', '22/95'),
(64, 156, '2022-01-10 20:17:01', '130/65', '84/94'),
(64, 157, '2020-01-10 20:17:01', '134/52', '95/42'),
(64, 158, '2018-01-10 20:17:01', '126/66', '99/93'),
(64, 159, '2016-01-10 20:17:01', '118/55', '95/53'),
(64, 160, '2013-01-10 20:17:01', '113/75', '88/95'),
(65, 161, '2022-01-10 20:17:01', '135/61', '95/80'),
(65, 162, '2020-01-10 20:17:01', '129/60', '95/84'),
(65, 163, '2018-01-10 20:17:01', '92/67', '3/98'),
(65, 164, '2016-01-10 20:17:01', '108/65', '63/95'),
(65, 165, '2013-01-10 20:17:01', '120/43', '97/1'),
(66, 166, '2022-01-10 20:17:01', '128/48', '75/4'),
(66, 167, '2020-01-10 20:17:01', '116/59', '60/76'),
(66, 168, '2018-01-10 20:17:01', '129/62', '97/93'),
(66, 169, '2016-01-10 20:17:01', '116/73', '75/99'),
(66, 170, '2013-01-10 20:17:01', '87/45', '2/3'),
(67, 171, '2022-01-10 20:17:01', '140/55', '99/40'),
(67, 172, '2020-01-10 20:17:01', '131/81', '99/97'),
(67, 173, '2018-01-10 20:17:01', '103/57', '33/78'),
(67, 174, '2016-01-10 20:17:01', '104/71', '71/96'),
(67, 175, '2013-01-10 20:17:01', '86/49', '2/44'),
(68, 176, '2022-01-10 20:17:01', '96/82', '2/97'),
(68, 177, '2020-01-10 20:17:01', '101/49', '15/1'),
(68, 178, '2018-01-10 20:17:01', '122/64', '93/93'),
(68, 179, '2016-01-10 20:17:01', '116/50', '77/30'),
(68, 180, '2013-01-10 20:17:01', '97/55', '48/84'),
(69, 181, '2021-01-10 20:17:01', '138/66', '97/90'),
(69, 182, '2019-01-10 20:17:01', '131/76', '96/95'),
(69, 183, '2017-01-10 20:17:01', '89/77', '5/97'),
(69, 184, '2015-01-10 20:17:01', '121/58', '96/81'),
(69, 185, '2012-01-10 20:17:01', '113/47', '88/2'),
(70, 186, '2021-01-10 20:17:01', '102/73', '9/96'),
(70, 187, '2019-01-10 20:17:01', '102/76', '15/97'),
(70, 188, '2017-01-10 20:17:01', '97/54', '25/61'),
(70, 189, '2015-01-10 20:17:01', '85/64', '3/95'),
(70, 190, '2012-01-10 20:17:01', '96/73', '14/97'),
(71, 191, '2021-01-10 20:17:01', '105/74', '10/97'),
(71, 192, '2019-01-10 20:17:01', '108/63', '31/95'),
(71, 193, '2017-01-10 20:17:01', '90/51', '4/42'),
(71, 194, '2015-01-10 20:17:01', '119/63', '92/91'),
(71, 195, '2012-01-10 20:17:01', '122/52', '95/72'),
(72, 196, '2021-01-10 20:17:01', '97/54', '4/49'),
(72, 197, '2019-01-10 20:17:01', '127/51', '95/47'),
(72, 198, '2017-01-10 20:17:01', '105/60', '43/83'),
(72, 199, '2015-01-10 20:17:01', '95/45', '18/4'),
(72, 200, '2012-01-10 20:17:01', '115/62', '93/95'),
(73, 201, '2021-01-10 20:17:01', '108/66', '25/91'),
(73, 202, '2019-01-10 20:17:01', '109/66', '30/94'),
(73, 203, '2017-01-10 20:17:01', '101/60', '28/88'),
(73, 204, '2015-01-10 20:17:01', '126/76', '98/96'),
(73, 205, '2012-01-10 20:17:01', '94/54', '11/69'),
(74, 206, '2021-01-10 20:17:01', '105/78', '10/96'),
(74, 207, '2019-01-10 20:17:01', '98/48', '9/3'),
(74, 208, '2017-01-10 20:17:01', '128/51', '97/36'),
(74, 209, '2015-01-10 20:17:01', '120/55', '95/68'),
(74, 210, '2012-01-10 20:17:01', '105/71', '59/99'),
(75, 211, '2021-01-10 20:17:01', '106/81', '18/99'),
(75, 212, '2019-01-10 20:17:01', '135/51', '97/47'),
(75, 213, '2017-01-10 20:17:01', '129/73', '97/99'),
(75, 214, '2015-01-10 20:17:01', '117/61', '95/95'),
(75, 215, '2012-01-10 20:17:01', '97/76', '41/98'),
(76, 216, '2020-01-10 20:17:01', '98/78', '2/98'),
(76, 217, '2018-01-10 20:17:01', '116/49', '53/2'),
(76, 218, '2016-01-10 20:17:01', '104/66', '34/91'),
(76, 219, '2014-01-10 20:17:01', '111/56', '75/80'),
(76, 220, '2011-01-10 20:17:01', '123/46', '96/4'),
(77, 221, '2020-01-10 20:17:01', '96/49', '4/3'),
(77, 222, '2018-01-10 20:17:01', '112/74', '55/99'),
(77, 223, '2016-01-10 20:17:01', '89/78', '5/98'),
(77, 224, '2014-01-10 20:17:01', '106/55', '65/57'),
(77, 225, '2011-01-10 20:17:01', '90/77', '7/95'),
(78, 226, '2020-01-10 20:17:01', '119/48', '52/3'),
(78, 227, '2018-01-10 20:17:01', '90/70', '1/99'),
(78, 228, '2016-01-10 20:17:01', '119/45', '95/5'),
(78, 229, '2014-01-10 20:17:01', '105/49', '73/1'),
(78, 230, '2011-01-10 20:17:01', '107/55', '70/76'),
(79, 231, '2020-01-10 20:17:01', '142/51', '96/4'),
(79, 232, '2018-01-10 20:17:01', '130/80', '99/95'),
(79, 233, '2016-01-10 20:17:01', '102/77', '31/99'),
(79, 234, '2014-01-10 20:17:01', '98/67', '20/98'),
(79, 235, '2011-01-10 20:17:01', '116/63', '95/92'),
(80, 236, '2020-01-10 20:17:01', '99/60', '5/83'),
(80, 237, '2018-01-10 20:17:01', '100/48', '20/1'),
(80, 238, '2016-01-10 20:17:01', '125/54', '96/52'),
(80, 239, '2014-01-10 20:17:01', '102/54', '30/51'),
(80, 240, '2011-01-10 20:17:01', '121/55', '99/78'),
(81, 241, '2020-01-10 20:17:01', '140/77', '96/99'),
(81, 242, '2018-01-10 20:17:01', '126/62', '92/75'),
(81, 243, '2016-01-10 20:17:01', '90/65', '3/93'),
(81, 244, '2014-01-10 20:17:01', '117/55', '92/53'),
(81, 245, '2011-01-10 20:17:01', '96/58', '15/89'),
(82, 246, '2020-01-10 20:17:01', '111/76', '37/98'),
(82, 247, '2018-01-10 20:17:01', '94/78', '3/96'),
(82, 248, '2016-01-10 20:17:01', '101/63', '39/91'),
(82, 249, '2014-01-10 20:17:01', '92/52', '10/69'),
(82, 250, '2011-01-10 20:17:01', '98/48', '32/42'),
(83, 251, '2019-01-10 20:17:01', '136/76', '98/97'),
(83, 252, '2017-01-10 20:17:01', '98/60', '7/80'),
(83, 253, '2015-01-10 20:17:01', '92/74', '2/99'),
(83, 254, '2013-01-10 20:17:01', '111/47', '79/2'),
(83, 255, '2010-01-10 20:17:01', '107/58', '62/82'),
(84, 256, '2019-01-10 20:17:01', '128/48', '84/5'),
(84, 257, '2017-01-10 20:17:01', '104/63', '17/93'),
(84, 258, '2015-01-10 20:17:01', '114/71', '81/99'),
(84, 259, '2013-01-10 20:17:01', '113/69', '81/99'),
(84, 260, '2010-01-10 20:17:01', '96/61', '19/90'),
(85, 261, '2019-01-10 20:17:01', '129/71', '84/96'),
(85, 262, '2017-01-10 20:17:01', '103/75', '12/95'),
(85, 263, '2015-01-10 20:17:01', '124/61', '99/86'),
(85, 264, '2013-01-10 20:17:01', '89/46', '4/3'),
(85, 265, '2010-01-10 20:17:01', '86/61', '3/93'),
(86, 266, '2019-01-10 20:17:01', '108/54', '17/32'),
(86, 267, '2017-01-10 20:17:01', '104/75', '11/95'),
(86, 268, '2015-01-10 20:17:01', '122/57', '91/86'),
(86, 269, '2013-01-10 20:17:01', '95/55', '16/63'),
(86, 270, '2010-01-10 20:17:01', '88/72', '4/99'),
(87, 271, '2019-01-10 20:17:01', '107/78', '25/97'),
(87, 272, '2017-01-10 20:17:01', '122/79', '90/96'),
(87, 273, '2015-01-10 20:17:01', '97/48', '10/5'),
(87, 274, '2013-01-10 20:17:01', '95/49', '18/2'),
(87, 275, '2010-01-10 20:17:01', '121/72', '96/99'),
(88, 276, '2019-01-10 20:17:01', '102/55', '8/25'),
(88, 277, '2017-01-10 20:17:01', '131/73', '99/95'),
(88, 278, '2015-01-10 20:17:01', '123/49', '95/4'),
(88, 279, '2013-01-10 20:17:01', '100/53', '28/50'),
(88, 280, '2010-01-10 20:17:01', '83/68', '2/97'),
(89, 281, '2019-01-10 20:17:01', '130/70', '79/97'),
(89, 282, '2017-01-10 20:17:01', '112/61', '65/85'),
(89, 283, '2015-01-10 20:17:01', '108/63', '73/91'),
(89, 284, '2013-01-10 20:17:01', '115/58', '89/82'),
(89, 285, '2010-01-10 20:17:01', '93/52', '12/71');

-- --------------------------------------------------------

--
-- Struktura tabeli dla tabeli `kzu_inne`
--

CREATE TABLE `kzu_inne` (
  `Id_Karty` int(11) DEFAULT NULL,
  `Id_Badania` int(11) NOT NULL,
  `Data` datetime DEFAULT NULL,
  `Typ_Badania` varchar(50) COLLATE utf8_polish_ci DEFAULT NULL,
  `Opis` varchar(400) COLLATE utf8_polish_ci DEFAULT NULL
) ENGINE=InnoDB DEFAULT CHARSET=utf8 COLLATE=utf8_polish_ci;

-- --------------------------------------------------------

--
-- Struktura tabeli dla tabeli `kzu_kwalifikacja_wf`
--

CREATE TABLE `kzu_kwalifikacja_wf` (
  `Id_Karty` int(11) DEFAULT NULL,
  `Id_Kwalifikacji` int(11) NOT NULL,
  `Data` datetime DEFAULT NULL,
  `Grupa` varchar(2) COLLATE utf8_polish_ci DEFAULT NULL,
  `Zalecenia` varchar(255) COLLATE utf8_polish_ci DEFAULT NULL
) ENGINE=InnoDB DEFAULT CHARSET=utf8 COLLATE=utf8_polish_ci;

--
-- Zrzut danych tabeli `kzu_kwalifikacja_wf`
--

INSERT INTO `kzu_kwalifikacja_wf` (`Id_Karty`, `Id_Kwalifikacji`, `Data`, `Grupa`, `Zalecenia`) VALUES
(1, 1, '2022-01-10 13:48:11', 'A', NULL),
(2, 2, '2022-01-10 13:48:11', 'A', NULL),
(3, 3, '2022-01-10 13:48:11', 'A', NULL),
(4, 4, '2022-01-10 13:48:11', 'A', NULL),
(5, 5, '2022-01-10 13:48:11', 'A', NULL),
(6, 6, '2022-01-10 13:48:11', 'A', NULL),
(7, 7, '2021-01-10 13:48:11', 'B', NULL),
(8, 8, '2021-01-10 13:48:11', 'A', NULL),
(9, 9, '2021-01-10 13:48:11', 'B', NULL),
(10, 10, '2021-01-10 13:48:11', 'A', NULL),
(11, 11, '2021-01-10 13:48:11', 'A', NULL),
(12, 12, '2021-01-10 13:48:11', 'A', NULL),
(13, 13, '2021-01-10 13:48:11', 'A', NULL),
(14, 14, '2020-01-10 13:48:11', 'B', NULL),
(15, 15, '2020-01-10 13:48:11', 'B', NULL),
(16, 16, '2020-01-10 13:48:11', 'A', NULL),
(17, 17, '2020-01-10 13:48:11', 'A', NULL),
(18, 18, '2020-01-10 13:48:11', 'A', NULL),
(19, 19, '2020-01-10 13:48:11', 'A', NULL),
(20, 20, '2019-01-10 13:48:11', 'A', NULL),
(21, 21, '2019-01-10 13:48:11', 'A', NULL),
(22, 22, '2019-01-10 13:48:11', 'A', NULL),
(23, 23, '2019-01-10 13:48:11', 'A', NULL),
(24, 24, '2019-01-10 13:48:11', 'A', NULL),
(25, 25, '2019-01-10 13:48:11', 'A', NULL),
(26, 26, '2019-01-10 13:48:11', 'A', NULL),
(27, 27, '2018-01-10 13:48:11', 'A', NULL),
(28, 28, '2018-01-10 13:48:11', 'A', NULL),
(29, 29, '2018-01-10 13:48:11', 'A', NULL),
(30, 30, '2018-01-10 13:48:11', 'A', NULL),
(31, 31, '2018-01-10 13:48:11', 'A', NULL),
(32, 32, '2018-01-10 13:48:11', 'A', NULL),
(33, 33, '2018-01-10 13:48:11', 'A', NULL),
(34, 34, '2017-01-10 13:48:11', 'A', NULL),
(35, 35, '2017-01-10 13:48:11', 'A', NULL),
(36, 36, '2017-01-10 13:48:11', 'A', NULL),
(37, 37, '2017-01-10 13:48:11', 'A', NULL),
(38, 38, '2017-01-10 13:48:11', 'A', NULL),
(39, 39, '2017-01-10 13:48:11', 'A', NULL),
(40, 40, '2017-01-10 13:48:11', 'A', NULL),
(41, 41, '2016-01-10 13:48:11', 'A', NULL),
(42, 42, '2016-01-10 13:48:11', 'A', NULL),
(43, 43, '2016-01-10 13:48:11', 'A', NULL),
(44, 44, '2016-01-10 13:48:11', 'A', NULL),
(45, 45, '2016-01-10 13:48:11', 'A', NULL),
(46, 46, '2016-01-10 13:48:11', 'A', NULL),
(47, 47, '2016-01-10 13:48:11', 'A', NULL),
(48, 48, '2015-01-10 13:48:11', 'A', NULL),
(49, 49, '2015-01-10 13:48:11', 'A', NULL),
(50, 50, '2015-01-10 13:48:11', 'A', NULL),
(51, 51, '2015-01-10 13:48:11', 'A', NULL),
(52, 52, '2015-01-10 13:48:11', 'A', NULL),
(53, 53, '2015-01-10 13:48:11', 'A', NULL),
(54, 54, '2015-01-10 13:48:11', 'A', NULL),
(55, 55, '2014-01-10 13:48:11', 'A', NULL),
(56, 56, '2014-01-10 13:48:11', 'A', NULL),
(57, 57, '2014-01-10 13:48:11', 'A', NULL),
(58, 58, '2014-01-10 13:48:11', 'A', NULL),
(59, 59, '2014-01-10 13:48:11', 'A', NULL),
(60, 60, '2014-01-10 13:48:11', 'A', NULL),
(61, 61, '2014-01-10 13:48:11', 'B', NULL),
(62, 62, '2013-01-10 13:48:11', 'A', NULL),
(63, 63, '2013-01-10 13:48:11', 'A', NULL),
(64, 64, '2013-01-10 13:48:11', 'B', NULL),
(65, 65, '2013-01-10 13:48:11', 'A', NULL),
(66, 66, '2013-01-10 13:48:11', 'A', NULL),
(67, 67, '2013-01-10 13:48:11', 'A', NULL),
(68, 68, '2013-01-10 13:48:11', 'A', NULL),
(69, 69, '2012-01-10 13:48:11', 'A', NULL),
(70, 70, '2012-01-10 13:48:11', 'A', NULL),
(71, 71, '2012-01-10 13:48:11', 'A', NULL),
(72, 72, '2012-01-10 13:48:11', 'A', NULL),
(73, 73, '2012-01-10 13:48:11', 'A', NULL),
(74, 74, '2012-01-10 13:48:11', 'A', NULL),
(75, 75, '2012-01-10 13:48:11', 'A', NULL),
(76, 76, '2011-01-10 13:48:11', 'A', NULL),
(77, 77, '2011-01-10 13:48:11', 'A', NULL),
(78, 78, '2011-01-10 13:48:11', 'A', NULL),
(79, 79, '2011-01-10 13:48:11', 'A', NULL),
(80, 80, '2011-01-10 13:48:11', 'A', NULL),
(81, 81, '2011-01-10 13:48:11', 'A', NULL),
(82, 82, '2011-01-10 13:48:11', 'A', NULL),
(83, 83, '2010-01-10 13:48:11', 'A', NULL),
(84, 84, '2010-01-10 13:48:11', 'A', NULL),
(85, 85, '2010-01-10 13:48:11', 'A', NULL),
(86, 86, '2010-01-10 13:48:11', 'A', NULL),
(87, 87, '2010-01-10 13:48:11', 'A', NULL),
(88, 88, '2010-01-10 13:48:11', 'A', NULL),
(89, 89, '2010-01-10 13:48:11', 'A', NULL);

-- --------------------------------------------------------

--
-- Struktura tabeli dla tabeli `kzu_problemy`
--

CREATE TABLE `kzu_problemy` (
  `Id_Karty` int(11) DEFAULT NULL,
  `Id_Problemu` int(11) NOT NULL,
  `Data` datetime DEFAULT NULL,
  `Rodzaj_Problemu` varchar(1000) COLLATE utf8_polish_ci DEFAULT NULL
) ENGINE=InnoDB DEFAULT CHARSET=utf8 COLLATE=utf8_polish_ci;

--
-- Zrzut danych tabeli `kzu_problemy`
--

INSERT INTO `kzu_problemy` (`Id_Karty`, `Id_Problemu`, `Data`, `Rodzaj_Problemu`) VALUES
(78, 1, '2022-01-10 10:40:54', 'Uczeń cierpi na depresję, która przeszkadza mu w nauce i życiu społecznym.');

-- --------------------------------------------------------

--
-- Struktura tabeli dla tabeli `kzu_skierowania`
--

CREATE TABLE `kzu_skierowania` (
  `Id_Karty` int(11) DEFAULT NULL,
  `Id_Skierowania` int(11) NOT NULL,
  `Data` datetime DEFAULT NULL,
  `Id_Lekarz` int(11) DEFAULT NULL
) ENGINE=InnoDB DEFAULT CHARSET=utf8 COLLATE=utf8_polish_ci;

-- --------------------------------------------------------

--
-- Struktura tabeli dla tabeli `kzu_sluch`
--

CREATE TABLE `kzu_sluch` (
  `Id_Karty` int(11) DEFAULT NULL,
  `Id_Badania` int(11) NOT NULL,
  `Data_Badania` datetime DEFAULT NULL,
  `Ucho_Prawe` float DEFAULT NULL,
  `Ucho_Lewe` float DEFAULT NULL
) ENGINE=InnoDB DEFAULT CHARSET=utf8 COLLATE=utf8_polish_ci;

-- --------------------------------------------------------

--
-- Struktura tabeli dla tabeli `kzu_testy_do_wykrycia`
--

CREATE TABLE `kzu_testy_do_wykrycia` (
  `Id_Karty` int(11) DEFAULT NULL,
  `Id_Badania` int(11) NOT NULL,
  `Skolioza` tinyint(1) DEFAULT NULL,
  `Klifoza_Piersiowa` tinyint(1) DEFAULT NULL,
  `Koslawosc_Kolan` tinyint(1) DEFAULT NULL,
  `Stopy_Plaskokoslawe` tinyint(1) DEFAULT NULL
) ENGINE=InnoDB DEFAULT CHARSET=utf8 COLLATE=utf8_polish_ci;

-- --------------------------------------------------------

--
-- Struktura tabeli dla tabeli `kzu_testy_przesiewowe`
--

CREATE TABLE `kzu_testy_przesiewowe` (
  `Id_Karty` int(11) DEFAULT NULL,
  `Id_Badania` int(11) NOT NULL,
  `Data` datetime DEFAULT NULL,
  `Wiek` int(11) DEFAULT NULL,
  `Wysokosc_Ciala_Cm` float DEFAULT NULL,
  `Wysokosc_Ciala_Centyl` varchar(10) COLLATE utf8_polish_ci DEFAULT NULL,
  `Masa_Ciala_Kg` float DEFAULT NULL,
  `Masa_Ciala_Centyl` varchar(10) COLLATE utf8_polish_ci DEFAULT NULL,
  `Masa_Ciala_Bmi` int(11) DEFAULT NULL
) ENGINE=InnoDB DEFAULT CHARSET=utf8 COLLATE=utf8_polish_ci;

-- --------------------------------------------------------

--
-- Struktura tabeli dla tabeli `kzu_wywiady_srodowiskowe`
--

CREATE TABLE `kzu_wywiady_srodowiskowe` (
  `Id_Karty` int(11) DEFAULT NULL,
  `Id_Wywiadu` int(11) NOT NULL,
  `Data` datetime DEFAULT NULL,
  `Wnioski` varchar(1000) COLLATE utf8_polish_ci DEFAULT NULL
) ENGINE=InnoDB DEFAULT CHARSET=utf8 COLLATE=utf8_polish_ci;

--
-- Zrzut danych tabeli `kzu_wywiady_srodowiskowe`
--

INSERT INTO `kzu_wywiady_srodowiskowe` (`Id_Karty`, `Id_Wywiadu`, `Data`, `Wnioski`) VALUES
(24, 1, '2022-01-10 09:36:51', 'Uczeń nie uczęszczał do szkoły przez 1 miesiąc ze względu na pobyt w szpitalu. Rodzice twierdzą, że nie wiedzieli, że muszą poinformować o dłuższym braku obecności ucznia.');

-- --------------------------------------------------------

--
-- Struktura tabeli dla tabeli `kzu_wzrok`
--

CREATE TABLE `kzu_wzrok` (
  `Id_Karty` int(11) DEFAULT NULL,
  `Id_Badania` int(11) NOT NULL,
  `Data` datetime NOT NULL,
  `Zez_Widoczny` tinyint(1) DEFAULT NULL,
  `Zez_Cover_Test` varchar(1) COLLATE utf8_polish_ci DEFAULT NULL,
  `Zez_Odbicie_Swiatla_Na_Rogowkach` varchar(3) COLLATE utf8_polish_ci DEFAULT NULL,
  `Widzenie_Barw` varchar(5) COLLATE utf8_polish_ci DEFAULT NULL,
  `Oko_Prawe` varchar(10) COLLATE utf8_polish_ci DEFAULT NULL,
  `Oko_Lewe` varchar(10) COLLATE utf8_polish_ci DEFAULT NULL,
  `Uwagi` varchar(250) COLLATE utf8_polish_ci DEFAULT NULL
) ENGINE=InnoDB DEFAULT CHARSET=utf8 COLLATE=utf8_polish_ci;

--
-- Zrzut danych tabeli `kzu_wzrok`
--

INSERT INTO `kzu_wzrok` (`Id_Karty`, `Id_Badania`, `Data`, `Zez_Widoczny`, `Zez_Cover_Test`, `Zez_Odbicie_Swiatla_Na_Rogowkach`, `Widzenie_Barw`, `Oko_Prawe`, `Oko_Lewe`, `Uwagi`) VALUES
(1, 1, '2022-01-10 10:30:18', 0, '-', '0', NULL, '5/5', '5/5', NULL),
(2, 2, '2022-01-10 10:30:18', 0, '-', '0', NULL, '5/5', '5/5', NULL),
(3, 3, '2022-01-10 10:30:18', 0, '-', '0', NULL, '5/5', '5/5', NULL),
(4, 4, '2022-01-10 10:30:18', 0, '-', '0', NULL, '5/5', '5/5', NULL),
(5, 5, '2022-01-10 10:30:18', 0, '-', '0', NULL, '5/5', '5/5', NULL),
(6, 6, '2022-01-10 10:30:18', 0, '-', '0', NULL, '5/5', '5/5', NULL),
(7, 7, '2021-01-10 10:30:18', 0, '-', '0', NULL, '5/5', '5/5', NULL),
(8, 8, '2021-01-10 10:30:18', 0, '-', '0', NULL, '5/5', '5/5', NULL),
(9, 9, '2021-01-10 10:30:18', 0, '-', '0', NULL, '5/5', '5/5', NULL),
(10, 10, '2021-01-10 10:30:18', 0, '-', '0', NULL, '5/5', '5/5', NULL),
(11, 11, '2021-01-10 10:30:18', 0, '-', '0', NULL, '5/5', '5/5', NULL),
(12, 12, '2021-01-10 10:30:18', 0, '-', '0', NULL, '5/5', '5/5', NULL),
(13, 13, '2021-01-10 10:30:18', 0, '-', '0', NULL, '5/5', '5/5', NULL),
(14, 14, '2020-01-10 10:30:18', 0, '-', '0', NULL, '5/5', '5/5', NULL),
(15, 15, '2020-01-10 10:30:18', 0, '-', '0', NULL, '5/5', '5/5', NULL),
(16, 16, '2020-01-10 10:30:18', 0, '-', '0', NULL, '5/5', '5/5', NULL),
(17, 17, '2020-01-10 10:30:18', 0, '-', '0', NULL, '5/5', '5/5', NULL),
(18, 18, '2020-01-10 10:30:18', 0, '-', '0', NULL, '5/5', '5/5', NULL),
(19, 19, '2020-01-10 10:30:18', 0, '-', '0', NULL, '5/5', '5/5', NULL),
(20, 20, '2019-01-10 10:30:18', 0, '-', '0', NULL, '5/5', '5/5', NULL),
(20, 21, '2022-01-10 10:30:18', NULL, NULL, NULL, '14/14', '5/5', '5/5', NULL),
(21, 22, '2019-01-10 10:30:18', 0, '-', '0', NULL, '5/10', '5/10', NULL),
(21, 23, '2022-01-10 10:30:18', NULL, NULL, NULL, '14/14', '5/10', '5/10', NULL),
(22, 24, '2019-01-10 10:30:18', 0, '-', '0', NULL, '5/5', '5/5', NULL),
(22, 25, '2022-01-10 10:30:18', NULL, NULL, NULL, '14/14', '5/5', '5/5', NULL),
(23, 26, '2019-01-10 10:30:18', 0, '-', '0', NULL, '5/5', '5/5', NULL),
(23, 27, '2022-01-10 10:30:18', NULL, NULL, NULL, '14/14', '5/5', '5/5', NULL),
(24, 28, '2019-01-10 10:30:18', 0, '-', '0', NULL, '5/5', '5/5', NULL),
(24, 29, '2022-01-10 10:30:18', NULL, NULL, NULL, '14/14', '5/5', '5/5', NULL),
(25, 30, '2019-01-10 10:30:18', 0, '-', '0', NULL, '5/5', '5/5', NULL),
(25, 31, '2022-01-10 10:30:18', NULL, NULL, NULL, '14/14', '5/5', '5/5', NULL),
(26, 32, '2019-01-10 10:30:18', 0, '-', '0', NULL, '5/5', '5/5', NULL),
(26, 33, '2022-01-10 10:30:18', NULL, NULL, NULL, '14/14', '5/5', '5/5', NULL),
(27, 34, '2018-01-10 10:30:18', 0, '-', '0', NULL, '5/5', '5/5', NULL),
(27, 35, '2021-01-10 10:30:18', NULL, NULL, NULL, '14/14', '5/5', '5/5', NULL),
(28, 36, '2018-01-10 10:30:18', 0, '-', '0', NULL, '5/5', '5/5', NULL),
(28, 37, '2021-01-10 10:30:18', NULL, NULL, NULL, '14/14', '5/5', '5/5', NULL),
(29, 38, '2018-01-10 10:30:18', 0, '-', '0', NULL, '5/5', '5/5', NULL),
(29, 39, '2021-01-10 10:30:18', NULL, NULL, NULL, '14/14', '5/5', '5/5', NULL),
(30, 40, '2018-01-10 10:30:18', 0, '-', '0', NULL, '5/5', '5/5', NULL),
(30, 41, '2021-01-10 10:30:18', NULL, NULL, NULL, '14/14', '5/5', '5/5', NULL),
(31, 42, '2018-01-10 10:30:18', 0, '-', '0', NULL, '5/5', '5/5', NULL),
(31, 43, '2021-01-10 10:30:18', NULL, NULL, NULL, '14/14', '5/5', '5/5', NULL),
(32, 44, '2018-01-10 10:30:18', 0, '-', '0', NULL, '5/5', '5/5', NULL),
(32, 45, '2021-01-10 10:30:18', NULL, NULL, NULL, '14/14', '5/5', '5/5', NULL),
(33, 46, '2018-01-10 10:30:18', 0, '-', '0', NULL, '5/5', '5/5', NULL),
(33, 47, '2021-01-10 10:30:18', NULL, NULL, NULL, '14/14', '5/5', '5/5', NULL),
(34, 48, '2017-01-10 10:30:18', 0, '-', '0', NULL, '5/5', '5/5', NULL),
(34, 49, '2020-01-10 10:30:18', NULL, NULL, NULL, '14/14', '5/5', '5/5', NULL),
(34, 50, '2022-01-10 10:30:18', NULL, NULL, NULL, '14/14', '5/5', '5/5', NULL),
(35, 51, '2017-01-10 10:30:18', 0, '-', '0', NULL, '5/5', '5/5', NULL),
(35, 52, '2020-01-10 10:30:18', NULL, NULL, NULL, '14/14', '5/5', '5/5', NULL),
(35, 53, '2022-01-10 10:30:18', NULL, NULL, NULL, '14/14', '5/5', '5/5', NULL),
(36, 54, '2017-01-10 10:30:18', 0, '-', '0', NULL, '5/5', '5/5', NULL),
(36, 55, '2020-01-10 10:30:18', NULL, NULL, NULL, '14/14', '5/5', '5/5', NULL),
(36, 56, '2022-01-10 10:30:18', NULL, NULL, NULL, '14/14', '5/5', '5/5', NULL),
(37, 57, '2017-01-10 10:30:18', 0, '-', '0', NULL, '5/5', '5/5', NULL),
(37, 58, '2020-01-10 10:30:18', NULL, NULL, NULL, '14/14', '5/5', '5/5', NULL),
(37, 59, '2022-01-10 10:30:18', NULL, NULL, NULL, '14/14', '5/5', '5/5', NULL),
(38, 60, '2017-01-10 10:30:18', 0, '-', '0', NULL, '5/5', '5/5', NULL),
(38, 61, '2020-01-10 10:30:18', NULL, NULL, NULL, '14/14', '5/5', '5/5', NULL),
(38, 62, '2022-01-10 10:30:18', NULL, NULL, NULL, '14/14', '5/5', '5/5', NULL),
(39, 63, '2017-01-10 10:30:18', 0, '-', '0', NULL, '5/5', '5/5', NULL),
(39, 64, '2020-01-10 10:30:18', NULL, NULL, NULL, '14/14', '5/5', '5/5', NULL),
(39, 65, '2022-01-10 10:30:18', NULL, NULL, NULL, '14/14', '5/5', '5/5', NULL),
(40, 66, '2017-01-10 10:30:18', 0, '-', '0', NULL, '5/5', '5/5', NULL),
(40, 67, '2020-01-10 10:30:18', NULL, NULL, NULL, '14/14', '5/5', '5/5', NULL),
(40, 68, '2022-01-10 10:30:18', NULL, NULL, NULL, '14/14', '5/5', '5/5', NULL),
(41, 69, '2016-01-10 10:30:18', 0, '-', '0', NULL, '5/5', '5/5', NULL),
(41, 70, '2019-01-10 10:30:18', NULL, NULL, NULL, '14/14', '5/5', '5/5', NULL),
(41, 71, '2021-01-10 10:30:18', NULL, NULL, NULL, '14/14', '5/5', '5/5', NULL),
(42, 72, '2016-01-10 10:30:18', 0, '-', '0', NULL, '5/5', '5/5', NULL),
(42, 73, '2019-01-10 10:30:18', NULL, NULL, NULL, '14/14', '5/5', '5/5', NULL),
(42, 74, '2021-01-10 10:30:18', NULL, NULL, NULL, '14/14', '5/5', '5/5', NULL),
(43, 75, '2016-01-10 10:30:18', 0, '-', '0', NULL, '5/5', '5/5', NULL),
(43, 76, '2019-01-10 10:30:18', NULL, NULL, NULL, '14/14', '5/5', '5/5', NULL),
(43, 77, '2021-01-10 10:30:18', NULL, NULL, NULL, '14/14', '5/5', '5/5', NULL),
(44, 78, '2016-01-10 10:30:18', 0, '-', '0', NULL, '5/5', '5/5', NULL),
(44, 79, '2019-01-10 10:30:18', NULL, NULL, NULL, '14/14', '5/5', '5/5', NULL),
(44, 80, '2021-01-10 10:30:18', NULL, NULL, NULL, '14/14', '5/5', '5/5', NULL),
(45, 81, '2016-01-10 10:30:18', 0, '-', '0', NULL, '5/5', '5/5', NULL),
(45, 82, '2019-01-10 10:30:18', NULL, NULL, NULL, '14/14', '5/5', '5/5', NULL),
(45, 83, '2021-01-10 10:30:18', NULL, NULL, NULL, '14/14', '5/5', '5/5', NULL),
(46, 84, '2016-01-10 10:30:18', 0, '-', '0', NULL, '5/5', '5/5', NULL),
(46, 85, '2019-01-10 10:30:18', NULL, NULL, NULL, '14/14', '5/5', '5/5', NULL),
(46, 86, '2021-01-10 10:30:18', NULL, NULL, NULL, '14/14', '5/5', '5/5', NULL),
(47, 87, '2016-01-10 10:30:18', 0, '-', '0', NULL, '5/5', '5/5', NULL),
(47, 88, '2019-01-10 10:30:18', NULL, NULL, NULL, '14/14', '5/5', '5/5', NULL),
(47, 89, '2021-01-10 10:30:18', NULL, NULL, NULL, '14/14', '5/5', '5/5', NULL),
(48, 90, '2015-01-09 10:30:18', 0, '-', '0', NULL, '5/5', '5/5', NULL),
(48, 91, '2018-01-10 10:30:18', NULL, NULL, NULL, '14/14', '5/5', '5/5', NULL),
(48, 92, '2020-01-10 10:30:18', NULL, NULL, NULL, '14/14', '5/5', '5/5', NULL),
(48, 93, '2020-01-10 10:30:18', NULL, NULL, NULL, NULL, '5/5', '5/5', NULL),
(49, 94, '2015-01-09 10:30:18', 0, '-', '0', NULL, '5/5', '5/5', NULL),
(49, 95, '2018-01-10 10:30:18', NULL, NULL, NULL, '14/14', '5/5', '5/5', NULL),
(49, 96, '2020-01-10 10:30:18', NULL, NULL, NULL, '14/14', '5/5', '5/5', NULL),
(49, 97, '2020-01-10 10:30:18', NULL, NULL, NULL, NULL, '5/5', '5/5', NULL),
(50, 98, '2015-01-09 10:30:18', 0, '-', '0', NULL, '5/5', '5/5', NULL),
(50, 99, '2018-01-10 10:30:18', NULL, NULL, NULL, '14/14', '5/5', '5/5', NULL),
(50, 100, '2020-01-10 10:30:18', NULL, NULL, NULL, '14/14', '5/5', '5/5', NULL),
(50, 101, '2020-01-10 10:30:18', NULL, NULL, NULL, NULL, '5/5', '5/5', NULL),
(51, 102, '2015-01-09 10:30:18', 0, '-', '0', NULL, '5/5', '5/5', NULL),
(51, 103, '2018-01-10 10:30:18', NULL, NULL, NULL, '14/14', '5/5', '5/5', NULL),
(51, 104, '2020-01-10 10:30:18', NULL, NULL, NULL, '14/14', '5/5', '5/5', NULL),
(51, 105, '2020-01-10 10:30:18', NULL, NULL, NULL, NULL, '5/5', '5/5', NULL),
(52, 106, '2015-01-09 10:30:18', 0, '-', '0', NULL, '5/5', '5/5', NULL),
(52, 107, '2018-01-10 10:30:18', NULL, NULL, NULL, '14/14', '5/5', '5/5', NULL),
(52, 108, '2020-01-10 10:30:18', NULL, NULL, NULL, '14/14', '5/5', '5/5', NULL),
(52, 109, '2020-01-10 10:30:18', NULL, NULL, NULL, NULL, '5/5', '5/5', NULL),
(53, 110, '2015-01-09 10:30:18', 0, '-', '0', NULL, '5/5', '5/5', NULL),
(53, 111, '2018-01-10 10:30:18', NULL, NULL, NULL, '14/14', '5/5', '5/5', NULL),
(53, 112, '2020-01-10 10:30:18', NULL, NULL, NULL, '14/14', '5/5', '5/5', NULL),
(53, 113, '2020-01-10 10:30:18', NULL, NULL, NULL, NULL, '5/5', '5/5', NULL),
(54, 114, '2015-01-09 10:30:18', 0, '-', '0', NULL, '5/5', '5/5', NULL),
(54, 115, '2018-01-10 10:30:18', NULL, NULL, NULL, '14/14', '5/5', '5/5', NULL),
(54, 116, '2020-01-10 10:30:18', NULL, NULL, NULL, '14/14', '5/5', '5/5', NULL),
(54, 117, '2020-01-10 10:30:18', NULL, NULL, NULL, NULL, '5/5', '5/5', NULL),
(55, 118, '2014-01-09 10:30:18', 0, '-', '0', NULL, '5/5', '5/5', NULL),
(55, 119, '2017-01-10 10:30:18', NULL, NULL, NULL, '14/14', '5/5', '5/5', NULL),
(55, 120, '2019-01-10 10:30:18', NULL, NULL, NULL, '14/14', '5/5', '5/5', NULL),
(55, 121, '2019-01-10 10:30:18', NULL, NULL, NULL, NULL, '5/5', '5/5', NULL),
(56, 122, '2014-01-09 10:30:18', 0, '-', '0', NULL, '5/5', '5/5', NULL),
(56, 123, '2017-01-10 10:30:18', NULL, NULL, NULL, '14/14', '5/5', '5/5', NULL),
(56, 124, '2019-01-10 10:30:18', NULL, NULL, NULL, '14/14', '5/5', '5/5', NULL),
(56, 125, '2019-01-10 10:30:18', NULL, NULL, NULL, NULL, '5/5', '5/5', NULL),
(57, 126, '2014-01-09 10:30:18', 0, '-', '0', NULL, '5/5', '5/5', NULL),
(57, 127, '2017-01-10 10:30:18', NULL, NULL, NULL, '14/14', '5/5', '5/5', NULL),
(57, 128, '2019-01-10 10:30:18', NULL, NULL, NULL, '14/14', '5/5', '5/5', NULL),
(57, 129, '2019-01-10 10:30:18', NULL, NULL, NULL, NULL, '5/5', '5/5', NULL),
(58, 130, '2014-01-09 10:30:18', 0, '-', '0', NULL, '5/5', '5/5', NULL),
(58, 131, '2017-01-10 10:30:18', NULL, NULL, NULL, '14/14', '5/5', '5/5', NULL),
(58, 132, '2019-01-10 10:30:18', NULL, NULL, NULL, '14/14', '5/5', '5/5', NULL),
(58, 133, '2019-01-10 10:30:18', NULL, NULL, NULL, NULL, '5/5', '5/5', NULL),
(59, 134, '2014-01-09 10:30:18', 0, '-', '0', NULL, '5/5', '5/5', NULL),
(59, 135, '2017-01-10 10:30:18', NULL, NULL, NULL, '14/14', '5/5', '5/5', NULL),
(59, 136, '2019-01-10 10:30:18', NULL, NULL, NULL, '14/14', '5/5', '5/5', NULL),
(59, 137, '2019-01-10 10:30:18', NULL, NULL, NULL, NULL, '5/5', '5/5', NULL),
(60, 138, '2014-01-09 10:30:18', 0, '-', '0', NULL, '5/5', '5/5', NULL),
(60, 139, '2017-01-10 10:30:18', NULL, NULL, NULL, '14/14', '5/5', '5/5', NULL),
(60, 140, '2019-01-10 10:30:18', NULL, NULL, NULL, '14/14', '5/5', '5/5', NULL),
(60, 141, '2019-01-10 10:30:18', NULL, NULL, NULL, NULL, '5/5', '5/5', NULL),
(61, 142, '2014-01-09 10:30:18', 0, '-', '0', NULL, '5/5', '5/5', NULL),
(61, 143, '2017-01-10 10:30:18', NULL, NULL, NULL, '14/14', '5/5', '5/5', NULL),
(61, 144, '2019-01-10 10:30:18', NULL, NULL, NULL, '14/14', '5/5', '5/5', NULL),
(61, 145, '2019-01-10 10:30:18', NULL, NULL, NULL, NULL, '5/5', '5/5', NULL),
(62, 146, '2013-01-10 10:30:18', 0, '-', '0', NULL, '5/5', '5/5', NULL),
(62, 147, '2016-01-08 10:30:18', NULL, NULL, NULL, '14/14', '5/5', '5/5', NULL),
(62, 148, '2018-01-10 10:30:18', NULL, NULL, NULL, '14/14', '5/5', '5/5', NULL),
(62, 149, '2018-01-10 10:30:18', NULL, NULL, NULL, NULL, '5/5', '5/5', NULL),
(62, 150, '2022-01-10 10:30:18', NULL, NULL, NULL, NULL, '5/5', '5/5', NULL),
(63, 151, '2013-01-10 10:30:18', 0, '-', '0', NULL, '5/5', '5/5', NULL),
(63, 152, '2016-01-08 10:30:18', NULL, NULL, NULL, '14/14', '5/5', '5/5', NULL),
(63, 153, '2018-01-10 10:30:18', NULL, NULL, NULL, '14/14', '5/5', '5/5', NULL),
(63, 154, '2018-01-10 10:30:18', NULL, NULL, NULL, NULL, '5/5', '5/5', NULL),
(63, 155, '2022-01-10 10:30:18', NULL, NULL, NULL, NULL, '5/5', '5/5', NULL),
(64, 156, '2013-01-10 10:30:18', 0, '-', '0', NULL, '5/5', '5/5', NULL),
(64, 157, '2016-01-08 10:30:18', NULL, NULL, NULL, '14/14', '5/5', '5/5', NULL),
(64, 158, '2018-01-10 10:30:18', NULL, NULL, NULL, '14/14', '5/5', '5/5', NULL),
(64, 159, '2018-01-10 10:30:18', NULL, NULL, NULL, NULL, '5/5', '5/5', NULL),
(64, 160, '2022-01-10 10:30:18', NULL, NULL, NULL, NULL, '5/5', '5/5', NULL),
(65, 161, '2013-01-10 10:30:18', 0, '-', '0', NULL, '5/5', '5/5', NULL),
(65, 162, '2016-01-08 10:30:18', NULL, NULL, NULL, '14/14', '5/5', '5/5', NULL),
(65, 163, '2018-01-10 10:30:18', NULL, NULL, NULL, '14/14', '5/5', '5/5', NULL),
(65, 164, '2018-01-10 10:30:18', NULL, NULL, NULL, NULL, '5/5', '5/5', NULL),
(65, 165, '2022-01-10 10:30:18', NULL, NULL, NULL, NULL, '5/5', '5/5', NULL),
(66, 166, '2013-01-10 10:30:18', 0, '-', '0', NULL, '5/5', '5/5', NULL),
(66, 167, '2016-01-08 10:30:18', NULL, NULL, NULL, '14/14', '5/5', '5/5', NULL),
(66, 168, '2018-01-10 10:30:18', NULL, NULL, NULL, '14/14', '5/5', '5/5', NULL),
(66, 169, '2018-01-10 10:30:18', NULL, NULL, NULL, NULL, '5/5', '5/5', NULL),
(66, 170, '2022-01-10 10:30:18', NULL, NULL, NULL, NULL, '5/5', '5/5', NULL),
(67, 171, '2013-01-10 10:30:18', 0, '-', '0', NULL, '5/5', '5/5', NULL),
(67, 172, '2016-01-08 10:30:18', NULL, NULL, NULL, '14/14', '5/5', '5/5', NULL),
(67, 173, '2018-01-10 10:30:18', NULL, NULL, NULL, '14/14', '5/5', '5/5', NULL),
(67, 174, '2018-01-10 10:30:18', NULL, NULL, NULL, NULL, '5/5', '5/5', NULL),
(67, 175, '2022-01-10 10:30:18', NULL, NULL, NULL, NULL, '5/5', '5/5', NULL),
(68, 176, '2013-01-10 10:30:18', 0, '-', '0', NULL, '5/5', '5/5', NULL),
(68, 177, '2016-01-08 10:30:18', NULL, NULL, NULL, '14/14', '5/5', '5/5', NULL),
(68, 178, '2018-01-10 10:30:18', NULL, NULL, NULL, '14/14', '5/5', '5/5', NULL),
(68, 179, '2018-01-10 10:30:18', NULL, NULL, NULL, NULL, '5/5', '5/5', NULL),
(68, 180, '2022-01-10 10:30:18', NULL, NULL, NULL, NULL, '5/5', '5/5', NULL),
(69, 181, '2012-01-10 10:30:18', 0, '-', '0', NULL, '5/5', '5/5', NULL),
(69, 182, '2015-01-08 10:30:18', NULL, NULL, NULL, '14/14', '5/5', '5/5', NULL),
(69, 183, '2017-01-10 10:30:18', NULL, NULL, NULL, '14/14', '5/5', '5/5', NULL),
(69, 184, '2017-01-10 10:30:18', NULL, NULL, NULL, NULL, '5/5', '5/5', NULL),
(69, 185, '2021-01-10 10:30:18', NULL, NULL, NULL, NULL, '5/5', '5/5', NULL),
(70, 186, '2012-01-10 10:30:18', 0, '-', '0', NULL, '5/5', '5/5', NULL),
(70, 187, '2015-01-08 10:30:18', NULL, NULL, NULL, '14/14', '5/5', '5/5', NULL),
(70, 188, '2017-01-10 10:30:18', NULL, NULL, NULL, '14/14', '5/5', '5/5', NULL),
(70, 189, '2017-01-10 10:30:18', NULL, NULL, NULL, NULL, '5/5', '5/5', NULL),
(70, 190, '2021-01-10 10:30:18', NULL, NULL, NULL, NULL, '5/5', '5/5', NULL),
(71, 191, '2012-01-10 10:30:18', 0, '-', '0', NULL, '5/5', '5/5', NULL),
(71, 192, '2015-01-08 10:30:18', NULL, NULL, NULL, '14/14', '5/5', '5/5', NULL),
(71, 193, '2017-01-10 10:30:18', NULL, NULL, NULL, '14/14', '5/5', '5/5', NULL),
(71, 194, '2017-01-10 10:30:18', NULL, NULL, NULL, NULL, '5/5', '5/5', NULL),
(71, 195, '2021-01-10 10:30:18', NULL, NULL, NULL, NULL, '5/5', '5/5', NULL),
(72, 196, '2012-01-10 10:30:18', 0, '-', '0', NULL, '5/5', '5/5', NULL),
(72, 197, '2015-01-08 10:30:18', NULL, NULL, NULL, '14/14', '5/5', '5/5', NULL),
(72, 198, '2017-01-10 10:30:18', NULL, NULL, NULL, '14/14', '5/5', '5/5', NULL),
(72, 199, '2017-01-10 10:30:18', NULL, NULL, NULL, NULL, '5/5', '5/5', NULL),
(72, 200, '2021-01-10 10:30:18', NULL, NULL, NULL, NULL, '5/5', '5/5', NULL),
(73, 201, '2012-01-10 10:30:18', 0, '-', '0', NULL, '5/5', '5/5', NULL),
(73, 202, '2015-01-08 10:30:18', NULL, NULL, NULL, '14/14', '5/5', '5/5', NULL),
(73, 203, '2017-01-10 10:30:18', NULL, NULL, NULL, '14/14', '5/5', '5/5', NULL),
(73, 204, '2017-01-10 10:30:18', NULL, NULL, NULL, NULL, '5/5', '5/5', NULL),
(73, 205, '2021-01-10 10:30:18', NULL, NULL, NULL, NULL, '5/5', '5/5', NULL),
(74, 206, '2012-01-10 10:30:18', 0, '-', '0', NULL, '5/5', '5/5', NULL),
(74, 207, '2015-01-08 10:30:18', NULL, NULL, NULL, '14/14', '5/5', '5/5', NULL),
(74, 208, '2017-01-10 10:30:18', NULL, NULL, NULL, '14/14', '5/5', '5/5', NULL),
(74, 209, '2017-01-10 10:30:18', NULL, NULL, NULL, NULL, '5/5', '5/5', NULL),
(74, 210, '2021-01-10 10:30:18', NULL, NULL, NULL, NULL, '5/5', '5/5', NULL),
(75, 211, '2012-01-10 10:30:18', 0, '-', '0', NULL, '5/5', '5/5', NULL),
(75, 212, '2015-01-08 10:30:18', NULL, NULL, NULL, '14/14', '5/5', '5/5', NULL),
(75, 213, '2017-01-10 10:30:18', NULL, NULL, NULL, '14/14', '5/5', '5/5', NULL),
(75, 214, '2017-01-10 10:30:18', NULL, NULL, NULL, NULL, '5/5', '5/5', NULL),
(75, 215, '2021-01-10 10:30:18', NULL, NULL, NULL, NULL, '5/5', '5/5', NULL),
(76, 216, '2011-01-10 10:30:18', 0, '-', '0', NULL, '5/5', '5/5', NULL),
(76, 217, '2014-01-08 10:30:18', NULL, NULL, NULL, '14/14', '5/5', '5/5', NULL),
(76, 218, '2016-01-10 10:30:18', NULL, NULL, NULL, '14/14', '5/5', '5/5', NULL),
(76, 219, '2016-01-10 10:30:18', NULL, NULL, NULL, NULL, '5/5', '5/5', NULL),
(76, 220, '2020-01-10 10:30:18', NULL, NULL, NULL, NULL, '5/5', '5/5', NULL),
(77, 221, '2011-01-10 10:30:18', 0, '-', '0', NULL, '5/5', '5/5', NULL),
(77, 222, '2014-01-08 10:30:18', NULL, NULL, NULL, '14/14', '5/5', '5/5', NULL),
(77, 223, '2016-01-10 10:30:18', NULL, NULL, NULL, '14/14', '5/5', '5/5', NULL),
(77, 224, '2016-01-10 10:30:18', NULL, NULL, NULL, NULL, '5/5', '5/5', NULL),
(77, 225, '2020-01-10 10:30:18', NULL, NULL, NULL, NULL, '5/5', '5/5', NULL),
(78, 226, '2011-01-10 10:30:18', 0, '-', '0', NULL, '5/5', '5/5', NULL),
(78, 227, '2014-01-08 10:30:18', NULL, NULL, NULL, '14/14', '5/5', '5/5', NULL),
(78, 228, '2016-01-10 10:30:18', NULL, NULL, NULL, '14/14', '5/5', '5/5', NULL),
(78, 229, '2016-01-10 10:30:18', NULL, NULL, NULL, NULL, '5/5', '5/5', NULL),
(78, 230, '2020-01-10 10:30:18', NULL, NULL, NULL, NULL, '5/5', '5/5', NULL),
(79, 231, '2011-01-10 10:30:18', 0, '-', '0', NULL, '5/5', '5/5', NULL),
(79, 232, '2014-01-08 10:30:18', NULL, NULL, NULL, '14/14', '5/5', '5/5', NULL),
(79, 233, '2016-01-10 10:30:18', NULL, NULL, NULL, '14/14', '5/5', '5/5', NULL),
(79, 234, '2016-01-10 10:30:18', NULL, NULL, NULL, NULL, '5/5', '5/5', NULL),
(79, 235, '2020-01-10 10:30:18', NULL, NULL, NULL, NULL, '5/5', '5/5', NULL),
(80, 236, '2011-01-10 10:30:18', 0, '-', '0', NULL, '5/5', '5/5', NULL),
(80, 237, '2014-01-08 10:30:18', NULL, NULL, NULL, '14/14', '5/5', '5/5', NULL),
(80, 238, '2016-01-10 10:30:18', NULL, NULL, NULL, '14/14', '5/5', '5/5', NULL),
(80, 239, '2016-01-10 10:30:18', NULL, NULL, NULL, NULL, '5/5', '5/5', NULL),
(80, 240, '2020-01-10 10:30:18', NULL, NULL, NULL, NULL, '5/5', '5/5', NULL),
(81, 241, '2011-01-10 10:30:18', 0, '-', '0', NULL, '5/5', '5/5', NULL),
(81, 242, '2014-01-08 10:30:18', NULL, NULL, NULL, '14/14', '5/5', '5/5', NULL),
(81, 243, '2016-01-10 10:30:18', NULL, NULL, NULL, '14/14', '5/5', '5/5', NULL),
(81, 244, '2016-01-10 10:30:18', NULL, NULL, NULL, NULL, '5/5', '5/5', NULL),
(81, 245, '2020-01-10 10:30:18', NULL, NULL, NULL, NULL, '5/5', '5/5', NULL),
(82, 246, '2011-01-10 10:30:18', 0, '-', '0', NULL, '5/5', '5/5', NULL),
(82, 247, '2014-01-08 10:30:18', NULL, NULL, NULL, '14/14', '5/5', '5/5', NULL),
(82, 248, '2016-01-10 10:30:18', NULL, NULL, NULL, '14/14', '5/5', '5/5', NULL),
(82, 249, '2016-01-10 10:30:18', NULL, NULL, NULL, NULL, '5/5', '5/5', NULL),
(82, 250, '2020-01-10 10:30:18', NULL, NULL, NULL, NULL, '5/5', '5/5', NULL),
(83, 251, '2010-01-08 10:30:18', 0, '-', '0', NULL, '5/5', '5/5', NULL),
(83, 252, '2013-01-10 10:30:18', NULL, NULL, NULL, '14/14', '5/5', '5/5', NULL),
(83, 253, '2015-01-09 10:30:18', NULL, NULL, NULL, '14/14', '5/5', '5/5', NULL),
(83, 254, '2015-01-09 10:30:18', NULL, NULL, NULL, NULL, '5/5', '5/5', NULL),
(83, 255, '2019-01-10 10:30:18', NULL, NULL, NULL, NULL, '5/5', '5/5', NULL),
(83, 256, '2022-01-10 10:30:18', NULL, NULL, NULL, NULL, '5/5', '5/5', NULL),
(84, 257, '2010-01-08 10:30:18', 0, '-', '0', NULL, '5/5', '5/5', NULL),
(84, 258, '2013-01-10 10:30:18', NULL, NULL, NULL, '14/14', '5/5', '5/5', NULL),
(84, 259, '2015-01-09 10:30:18', NULL, NULL, NULL, '14/14', '5/5', '5/5', NULL),
(84, 260, '2015-01-09 10:30:18', NULL, NULL, NULL, NULL, '5/5', '5/5', NULL),
(84, 261, '2019-01-10 10:30:18', NULL, NULL, NULL, NULL, '5/5', '5/5', NULL),
(84, 262, '2022-01-10 10:30:18', NULL, NULL, NULL, NULL, '5/5', '5/5', NULL),
(85, 263, '2010-01-08 10:30:18', 0, '-', '0', NULL, '5/5', '5/5', NULL),
(85, 264, '2013-01-10 10:30:18', NULL, NULL, NULL, '14/14', '5/5', '5/5', NULL),
(85, 265, '2015-01-09 10:30:18', NULL, NULL, NULL, '14/14', '5/5', '5/5', NULL),
(85, 266, '2015-01-09 10:30:18', NULL, NULL, NULL, NULL, '5/5', '5/5', NULL),
(85, 267, '2019-01-10 10:30:18', NULL, NULL, NULL, NULL, '5/5', '5/5', NULL),
(85, 268, '2022-01-10 10:30:18', NULL, NULL, NULL, NULL, '5/5', '5/5', NULL),
(86, 269, '2010-01-08 10:30:18', 0, '-', '0', NULL, '5/5', '5/5', NULL),
(86, 270, '2013-01-10 10:30:18', NULL, NULL, NULL, '14/14', '5/5', '5/5', NULL),
(86, 271, '2015-01-09 10:30:18', NULL, NULL, NULL, '14/14', '5/5', '5/5', NULL),
(86, 272, '2015-01-09 10:30:18', NULL, NULL, NULL, NULL, '5/5', '5/5', NULL),
(86, 273, '2019-01-10 10:30:18', NULL, NULL, NULL, NULL, '5/5', '5/5', NULL),
(86, 274, '2022-01-10 10:30:18', NULL, NULL, NULL, NULL, '5/5', '5/5', NULL),
(87, 275, '2010-01-08 10:30:18', 0, '-', '0', NULL, '5/5', '5/5', NULL),
(87, 276, '2013-01-10 10:30:18', NULL, NULL, NULL, '14/14', '5/5', '5/5', NULL),
(87, 277, '2015-01-09 10:30:18', NULL, NULL, NULL, '14/14', '5/5', '5/5', NULL),
(87, 278, '2015-01-09 10:30:18', NULL, NULL, NULL, NULL, '5/5', '5/5', NULL),
(87, 279, '2019-01-10 10:30:18', NULL, NULL, NULL, NULL, '5/5', '5/5', NULL),
(87, 280, '2022-01-10 10:30:18', NULL, NULL, NULL, NULL, '5/5', '5/5', NULL),
(88, 281, '2010-01-08 10:30:18', 0, '-', '0', NULL, '5/5', '5/5', NULL),
(88, 282, '2013-01-10 10:30:18', NULL, NULL, NULL, '14/14', '5/5', '5/5', NULL),
(88, 283, '2015-01-09 10:30:18', NULL, NULL, NULL, '14/14', '5/5', '5/5', NULL),
(88, 284, '2015-01-09 10:30:18', NULL, NULL, NULL, NULL, '5/5', '5/5', NULL),
(88, 285, '2019-01-10 10:30:18', NULL, NULL, NULL, NULL, '5/5', '5/5', NULL),
(88, 286, '2022-01-10 10:30:18', NULL, NULL, NULL, NULL, '5/5', '5/5', NULL),
(89, 287, '2010-01-08 10:30:18', 0, '-', '0', NULL, '5/5', '5/5', NULL),
(89, 288, '2013-01-10 10:30:18', NULL, NULL, NULL, '14/14', '5/5', '5/5', NULL),
(89, 289, '2015-01-09 10:30:18', NULL, NULL, NULL, '14/14', '5/5', '5/5', NULL),
(89, 290, '2015-01-09 10:30:18', NULL, NULL, NULL, NULL, '5/5', '5/5', NULL),
(89, 291, '2019-01-10 10:30:18', NULL, NULL, NULL, NULL, '5/5', '5/5', NULL),
(89, 292, '2022-01-10 10:30:18', NULL, NULL, NULL, NULL, '5/5', '5/5', NULL);

-- --------------------------------------------------------

--
-- Struktura tabeli dla tabeli `lekarz`
--

CREATE TABLE `lekarz` (
  `Id_Lekarz` int(11) NOT NULL,
  `Profesja` varchar(200) COLLATE utf8_polish_ci DEFAULT NULL
) ENGINE=InnoDB DEFAULT CHARSET=utf8 COLLATE=utf8_polish_ci;

--
-- Zrzut danych tabeli `lekarz`
--

INSERT INTO `lekarz` (`Id_Lekarz`, `Profesja`) VALUES
(1, 'pediatra'),
(2, 'kardiolog'),
(3, 'chirurg dziecięcy'),
(4, 'laryngolog'),
(5, 'neurolog'),
(6, 'anestezjolog');

-- --------------------------------------------------------

--
-- Struktura tabeli dla tabeli `nurse`
--

CREATE TABLE `nurse` (
  `Id` int(11) NOT NULL,
  `Imie` varchar(25) COLLATE utf8_polish_ci NOT NULL,
  `Nazwisko` varchar(30) COLLATE utf8_polish_ci NOT NULL,
  `Login` varchar(30) COLLATE utf8_polish_ci NOT NULL,
  `Haslo` varchar(60) COLLATE utf8_polish_ci NOT NULL,
  `Numer_telefonu` varchar(9) COLLATE utf8_polish_ci NOT NULL,
  `Email` varchar(50) COLLATE utf8_polish_ci NOT NULL,
  `Licencja` varchar(10) COLLATE utf8_polish_ci NOT NULL
) ENGINE=InnoDB DEFAULT CHARSET=utf8 COLLATE=utf8_polish_ci;

--
-- Zrzut danych tabeli `nurse`
--

INSERT INTO `nurse` (`Id`, `Imie`, `Nazwisko`, `Login`, `Haslo`, `Numer_telefonu`, `Email`, `Licencja`) VALUES
(1, 'Adam', 'Wołoszek', 'awoloszek', '$2y$10$pKGyVI8che/JdXx32Rit6OJBvvvtmjWXOqvdYjxm3sOo9qi39RivK', '653582373', 'awoloszek@enurse.pl', '2398840P'),
(2, 'Katarzyna', 'Mazur', 'kmazur', '$2y$10$3cfTK8eAPJ/0X4/Achh.zeg4cC8EirObO3uRsGRMo0tEfeFoQjZ6G', '536950803', 'kmazur@enurse.pl', '7489671P'),
(3, 'Gustaw', 'Towarek', 'gtowarek', '$2y$10$82L1Jqwejx31dB3j9znP7ebbcVHLiQ3tSgjXwMh05goZuj55IoeKa', '229664314', 'gtowarek@enurse.pl', '6396456P'),
(4, 'Lena', 'Dąbrowska', 'ldabrowska', '$2y$10$xQRYxpMSYbJYCw7yJCrbqulg1qzFZBrbawkPVxsM/uuuKW6NvziCi', '120251702', 'ldabrowska@enurse.pl', '7914340P');

-- --------------------------------------------------------

--
-- Struktura tabeli dla tabeli `nurse_school`
--

CREATE TABLE `nurse_school` (
  `School_Id` int(11) NOT NULL,
  `Nurse_Id` int(11) NOT NULL
) ENGINE=InnoDB DEFAULT CHARSET=utf8 COLLATE=utf8_polish_ci;

--
-- Zrzut danych tabeli `nurse_school`
--

INSERT INTO `nurse_school` (`School_Id`, `Nurse_Id`) VALUES
(4, 1),
(4, 4),
(5, 2),
(5, 3);

-- --------------------------------------------------------

--
-- Struktura tabeli dla tabeli `testy_przesiewowe`
--

CREATE TABLE `testy_przesiewowe` (
  `Id_Przesiewu` int(11) NOT NULL,
  `Klasa_Przesiewowa` varchar(50) COLLATE utf8_polish_ci DEFAULT NULL,
  `Rodzaj_Przesiewu` varchar(400) COLLATE utf8_polish_ci DEFAULT NULL
) ENGINE=InnoDB DEFAULT CHARSET=utf8 COLLATE=utf8_polish_ci;

--
-- Zrzut danych tabeli `testy_przesiewowe`
--

INSERT INTO `testy_przesiewowe` (`Id_Przesiewu`, `Klasa_Przesiewowa`, `Rodzaj_Przesiewu`) VALUES
(1, 'Szkoła podstawowa, Kl. 0', 'Pomiar wysokości'),
(2, 'Szkoła podstawowa, Kl. 0', 'Pomiar masy ciała'),
(3, 'Szkoła podstawowa, Kl. 0', 'Cover test'),
(4, 'Szkoła podstawowa, Kl. 0', 'Test Hirschberga(w kierunku zeza)'),
(5, 'Szkoła podstawowa, Kl. 0', 'Badanie ostrości wzroku'),
(6, 'Szkoła podstawowa, Kl. 0', 'Badanie słuchu'),
(7, 'Szkoła podstawowa, Kl. 0', 'Wykrywanie bocznego skrzywienia kręgosłupa'),
(8, 'Szkoła podstawowa, Kl. 0', 'Wykrywanie płasko-koślawych stóp'),
(9, 'Szkoła podstawowa, Kl. 0', 'Wykrywanie koślawości kolan'),
(10, 'Szkoła podstawowa, Kl. 0', 'Orientacyjne wykrywanie wady wymowy'),
(11, 'Szkoła podstawowa, Kl. 0', 'Orientacyjne wykrywanie zaburzeń statyki ciała'),
(12, 'Szkoła podstawowa, Kl. 0', 'Pomiar RR'),
(13, 'Szkoła podstawowa, Kl. 3', 'Pomiar wysokości'),
(14, 'Szkoła podstawowa, Kl. 3', 'Pomiar masy ciała'),
(15, 'Szkoła podstawowa, Kl. 3', 'Badanie ostrości wzroku'),
(16, 'Szkoła podstawowa, Kl. 3', 'Wykrywanie zaburzeń widzenia barwnego'),
(17, 'Szkoła podstawowa, Kl. 3', 'Wykrywanie bocznego skrzywienia kręgosłupa'),
(18, 'Szkoła podstawowa, Kl. 5', 'Pomiar wysokości'),
(19, 'Szkoła podstawowa, Kl. 5', 'Pomiar masy ciała'),
(20, 'Szkoła podstawowa, Kl. 5', 'Badanie ostrości wzroku'),
(21, 'Szkoła podstawowa, Kl. 5', 'Wykrywanie zaburzeń widzenia barwnego'),
(22, 'Szkoła podstawowa, Kl. 5', 'Wykrywanie bocznego skrzywienia kręgosłupa'),
(23, 'Szkoła podstawowa, Kl. 7', 'Pomiar wysokości'),
(24, 'Szkoła podstawowa, Kl. 7', 'Pomiar masy ciała'),
(25, 'Szkoła podstawowa, Kl. 7', 'Badanie ostrości wzroku'),
(26, 'Szkoła podstawowa, Kl. 7', 'Badanie słuchu'),
(27, 'Szkoła podstawowa, Kl. 7', 'Wykrywanie bocznego skrzywienia kręgosłupa'),
(28, 'Szkoła podstawowa, Kl. 7', 'Wykrywanie nadmiernej kifozy'),
(29, 'Szkoła podstawowa, Kl. 7', 'Pomiar RR'),
(30, 'Szkoła Ponadpodstawowa, Kl. 1', 'Pomiar wysokości'),
(31, 'Szkoła Ponadpodstawowa, Kl. 1', 'Pomiar masy ciała'),
(32, 'Szkoła Ponadpodstawowa, Kl. 1', 'Badanie ostrości wzroku'),
(33, 'Szkoła Ponadpodstawowa, Kl. 1', 'Wykrywanie bocznego skrzywienia kręgosłupa'),
(34, 'Szkoła Ponadpodstawowa, Kl. 1', 'Wykrywanie nadmiernej kifozy'),
(35, 'Szkoła Ponadpodstawowa, Kl. 1', 'Pomiar RR'),
(36, 'Szkoła Ponadpodstawowa, Kl. ostatnia', 'Pomiar wysokości'),
(37, 'Szkoła Ponadpodstawowa, Kl. ostatnia', 'Pomiar masy ciała'),
(38, 'Szkoła Ponadpodstawowa, Kl. ostatnia', 'Badanie ostrości wzroku'),
(39, 'Szkoła Ponadpodstawowa, Kl. ostatnia', 'Pomiar RR');

-- --------------------------------------------------------

--
-- Struktura tabeli dla tabeli `uczen_help`
--

CREATE TABLE `uczen_help` (
  `Id_Ucznia` int(11) NOT NULL,
  `Data` datetime NOT NULL,
  `Zgoda_Na_Swiadczenia_Pielegniarki` tinyint(1) NOT NULL,
  `Zgoda_Na_Info_Kadry_O_Zdrowiu` tinyint(1) NOT NULL
) ENGINE=InnoDB DEFAULT CHARSET=utf8 COLLATE=utf8_polish_ci;

--
-- Zrzut danych tabeli `uczen_help`
--

INSERT INTO `uczen_help` (`Id_Ucznia`, `Data`, `Zgoda_Na_Swiadczenia_Pielegniarki`, `Zgoda_Na_Info_Kadry_O_Zdrowiu`) VALUES
(1, '2021-09-07 10:17:18', 0, 0),
(2, '2021-09-07 10:17:18', 1, 1),
(3, '2021-09-07 10:17:18', 1, 1),
(4, '2021-09-07 10:17:18', 1, 1),
(5, '2021-09-07 10:17:18', 1, 1),
(6, '2021-09-07 10:17:18', 1, 1),
(7, '2021-09-07 10:17:18', 1, 1),
(8, '2021-09-07 10:17:18', 1, 1),
(9, '2021-09-07 10:17:18', 1, 1),
(10, '2021-09-07 10:17:18', 1, 1),
(11, '2021-09-07 10:17:18', 1, 1),
(12, '2021-09-07 10:17:18', 1, 1),
(13, '2021-09-07 10:17:18', 1, 1),
(14, '2021-09-07 10:17:18', 1, 1),
(15, '2021-09-07 10:17:18', 1, 1),
(16, '2021-09-07 10:17:18', 1, 1),
(17, '2021-09-07 10:17:18', 0, 1),
(18, '2021-09-07 10:17:18', 1, 1),
(19, '2021-09-07 10:17:18', 1, 1),
(20, '2021-09-07 10:17:18', 1, 1),
(21, '2021-09-07 10:17:18', 1, 1),
(22, '2021-09-07 10:17:18', 1, 1),
(23, '2021-09-07 10:17:18', 1, 1),
(24, '2021-09-07 10:17:18', 1, 1),
(25, '2021-09-07 10:17:18', 1, 1),
(26, '2021-09-07 10:17:18', 1, 1),
(27, '2021-09-07 10:17:18', 1, 1),
(28, '2021-09-07 10:17:18', 1, 1),
(29, '2021-09-07 10:17:18', 1, 1),
(30, '2021-09-07 10:17:18', 1, 1),
(31, '2021-09-07 10:17:18', 1, 1),
(32, '2021-09-07 10:17:18', 1, 1),
(33, '2021-09-07 10:17:18', 1, 1),
(34, '2021-09-07 10:17:18', 1, 1),
(35, '2021-09-07 10:17:18', 1, 1),
(36, '2021-09-07 10:17:18', 1, 1),
(37, '2021-09-07 10:17:18', 1, 1),
(38, '2021-09-07 10:17:18', 1, 1),
(39, '2021-09-07 10:17:18', 1, 1),
(40, '2021-09-07 10:17:18', 1, 1),
(41, '2021-09-07 10:17:18', 1, 1),
(42, '2021-09-07 10:17:18', 1, 1),
(43, '2021-09-07 10:17:18', 1, 1),
(44, '2021-09-07 10:17:18', 1, 1),
(45, '2021-09-07 10:17:18', 1, 1),
(46, '2021-09-07 10:17:18', 1, 1),
(47, '2021-09-07 10:17:18', 1, 1),
(48, '2021-09-07 10:17:18', 1, 1),
(49, '2021-09-07 10:17:18', 1, 1),
(50, '2021-09-07 10:17:18', 1, 1),
(51, '2021-09-07 10:17:18', 1, 1),
(52, '2021-09-07 10:17:18', 1, 1),
(53, '2021-09-07 10:17:18', 1, 1),
(54, '2021-09-07 10:17:18', 1, 1),
(55, '2021-09-07 10:17:18', 1, 1),
(56, '2021-09-07 10:17:18', 1, 1),
(57, '2021-09-07 10:17:18', 1, 1),
(58, '2021-09-07 10:17:18', 1, 1),
(59, '2021-09-07 10:17:18', 1, 1),
(60, '2021-09-07 10:17:18', 1, 1),
(61, '2021-09-07 10:17:18', 1, 1),
(62, '2021-09-07 10:17:18', 1, 1),
(63, '2021-09-07 10:17:18', 1, 1),
(64, '2021-09-08 11:18:34', 1, 1),
(65, '2021-09-08 11:18:34', 1, 1),
(66, '2021-09-08 11:18:34', 1, 1),
(67, '2021-09-08 11:18:34', 1, 1),
(68, '2021-09-08 11:18:34', 1, 1),
(69, '2021-09-08 11:18:34', 1, 1),
(70, '2021-09-08 11:18:34', 1, 1),
(71, '2021-09-08 11:18:34', 1, 1),
(72, '2021-09-08 11:18:34', 1, 1),
(73, '2021-09-08 11:18:34', 1, 1),
(74, '2021-09-08 11:18:34', 1, 1),
(75, '2021-09-08 11:18:34', 1, 1),
(76, '2021-09-08 11:18:34', 1, 1),
(77, '2021-09-08 11:18:34', 1, 1),
(78, '2021-09-08 11:18:34', 1, 1),
(79, '2021-09-08 11:18:34', 1, 1),
(80, '2021-09-08 11:18:34', 1, 1),
(81, '2021-09-08 11:18:34', 1, 1),
(82, '2021-09-08 11:18:34', 1, 1),
(83, '2021-09-08 11:18:34', 1, 1),
(84, '2021-09-08 11:18:34', 1, 1),
(85, '2021-09-08 11:18:34', 1, 1),
(86, '2021-09-08 11:18:34', 1, 1),
(87, '2021-09-08 11:18:34', 1, 1),
(88, '2021-09-08 11:18:34', 1, 1),
(89, '2021-09-08 11:18:34', 1, 1),
(90, '2021-09-08 11:18:34', 1, 1),
(91, '2021-09-08 11:18:34', 1, 1);

--
-- Indeksy dla zrzutów tabel
--

--
-- Indeksy dla tabeli `choroby`
--
ALTER TABLE `choroby`
  ADD PRIMARY KEY (`id_choroby`);

--
-- Indeksy dla tabeli `dziennik`
--
ALTER TABLE `dziennik`
  ADD PRIMARY KEY (`Id_Wpisu`),
  ADD KEY `nurse_index` (`Nurse_Id`),
  ADD KEY `Id_Ucznia` (`Id_Ucznia`),
  ADD KEY `Id_Klasy` (`Id_Klasy`),
  ADD KEY `Id_Szkoly` (`Id_Szkoly`);

--
-- Indeksy dla tabeli `kzu`
--
ALTER TABLE `kzu`
  ADD PRIMARY KEY (`Id_Karty`),
  ADD KEY `ind_kzunurse` (`Nurse_Id`),
  ADD KEY `Id_Ucznia` (`Id_Ucznia`);

--
-- Indeksy dla tabeli `kzu_choroby`
--
ALTER TABLE `kzu_choroby`
  ADD PRIMARY KEY (`Id_Karty`,`Id_Choroby`) USING BTREE,
  ADD KEY `kzu_choroby_ibfk_2` (`Id_Choroby`);

--
-- Indeksy dla tabeli `kzu_cisnienie_tetnicze_krwi`
--
ALTER TABLE `kzu_cisnienie_tetnicze_krwi`
  ADD PRIMARY KEY (`Id_Badania`),
  ADD KEY `Id_Karty` (`Id_Karty`);

--
-- Indeksy dla tabeli `kzu_inne`
--
ALTER TABLE `kzu_inne`
  ADD PRIMARY KEY (`Id_Badania`),
  ADD KEY `Id_Karty` (`Id_Karty`);

--
-- Indeksy dla tabeli `kzu_kwalifikacja_wf`
--
ALTER TABLE `kzu_kwalifikacja_wf`
  ADD PRIMARY KEY (`Id_Kwalifikacji`),
  ADD KEY `Id_Karty` (`Id_Karty`);

--
-- Indeksy dla tabeli `kzu_problemy`
--
ALTER TABLE `kzu_problemy`
  ADD PRIMARY KEY (`Id_Problemu`),
  ADD KEY `Id_Karty` (`Id_Karty`);

--
-- Indeksy dla tabeli `kzu_skierowania`
--
ALTER TABLE `kzu_skierowania`
  ADD PRIMARY KEY (`Id_Skierowania`),
  ADD KEY `Id_Karty` (`Id_Karty`),
  ADD KEY `Id_Lekarz` (`Id_Lekarz`);

--
-- Indeksy dla tabeli `kzu_sluch`
--
ALTER TABLE `kzu_sluch`
  ADD PRIMARY KEY (`Id_Badania`),
  ADD KEY `Id_Karty` (`Id_Karty`);

--
-- Indeksy dla tabeli `kzu_testy_do_wykrycia`
--
ALTER TABLE `kzu_testy_do_wykrycia`
  ADD PRIMARY KEY (`Id_Badania`),
  ADD KEY `Id_Karty` (`Id_Karty`);

--
-- Indeksy dla tabeli `kzu_testy_przesiewowe`
--
ALTER TABLE `kzu_testy_przesiewowe`
  ADD PRIMARY KEY (`Id_Badania`),
  ADD KEY `Id_Karty` (`Id_Karty`);

--
-- Indeksy dla tabeli `kzu_wywiady_srodowiskowe`
--
ALTER TABLE `kzu_wywiady_srodowiskowe`
  ADD PRIMARY KEY (`Id_Wywiadu`),
  ADD KEY `Id_Karty` (`Id_Karty`);

--
-- Indeksy dla tabeli `kzu_wzrok`
--
ALTER TABLE `kzu_wzrok`
  ADD PRIMARY KEY (`Id_Badania`),
  ADD KEY `Id_Karty` (`Id_Karty`);

--
-- Indeksy dla tabeli `lekarz`
--
ALTER TABLE `lekarz`
  ADD PRIMARY KEY (`Id_Lekarz`);

--
-- Indeksy dla tabeli `nurse`
--
ALTER TABLE `nurse`
  ADD PRIMARY KEY (`Id`);

--
-- Indeksy dla tabeli `nurse_school`
--
ALTER TABLE `nurse_school`
  ADD PRIMARY KEY (`School_Id`,`Nurse_Id`),
  ADD KEY `Nurse_Id` (`Nurse_Id`);

--
-- Indeksy dla tabeli `testy_przesiewowe`
--
ALTER TABLE `testy_przesiewowe`
  ADD PRIMARY KEY (`Id_Przesiewu`);

--
-- Indeksy dla tabeli `uczen_help`
--
ALTER TABLE `uczen_help`
  ADD PRIMARY KEY (`Id_Ucznia`,`Data`);

--
-- AUTO_INCREMENT dla zrzuconych tabel
--

--
-- AUTO_INCREMENT dla tabeli `choroby`
--
ALTER TABLE `choroby`
  MODIFY `id_choroby` int(11) NOT NULL AUTO_INCREMENT, AUTO_INCREMENT=19;

--
-- AUTO_INCREMENT dla tabeli `dziennik`
--
ALTER TABLE `dziennik`
  MODIFY `Id_Wpisu` int(11) NOT NULL AUTO_INCREMENT, AUTO_INCREMENT=6;

--
-- AUTO_INCREMENT dla tabeli `kzu`
--
ALTER TABLE `kzu`
  MODIFY `Id_Karty` int(11) NOT NULL AUTO_INCREMENT, AUTO_INCREMENT=90;

--
-- AUTO_INCREMENT dla tabeli `kzu_cisnienie_tetnicze_krwi`
--
ALTER TABLE `kzu_cisnienie_tetnicze_krwi`
  MODIFY `Id_Badania` int(11) NOT NULL AUTO_INCREMENT, AUTO_INCREMENT=286;

--
-- AUTO_INCREMENT dla tabeli `kzu_inne`
--
ALTER TABLE `kzu_inne`
  MODIFY `Id_Badania` int(11) NOT NULL AUTO_INCREMENT;

--
-- AUTO_INCREMENT dla tabeli `kzu_kwalifikacja_wf`
--
ALTER TABLE `kzu_kwalifikacja_wf`
  MODIFY `Id_Kwalifikacji` int(11) NOT NULL AUTO_INCREMENT, AUTO_INCREMENT=90;

--
-- AUTO_INCREMENT dla tabeli `kzu_problemy`
--
ALTER TABLE `kzu_problemy`
  MODIFY `Id_Problemu` int(11) NOT NULL AUTO_INCREMENT, AUTO_INCREMENT=2;

--
-- AUTO_INCREMENT dla tabeli `kzu_skierowania`
--
ALTER TABLE `kzu_skierowania`
  MODIFY `Id_Skierowania` int(11) NOT NULL AUTO_INCREMENT;

--
-- AUTO_INCREMENT dla tabeli `kzu_sluch`
--
ALTER TABLE `kzu_sluch`
  MODIFY `Id_Badania` int(11) NOT NULL AUTO_INCREMENT;

--
-- AUTO_INCREMENT dla tabeli `kzu_testy_do_wykrycia`
--
ALTER TABLE `kzu_testy_do_wykrycia`
  MODIFY `Id_Badania` int(11) NOT NULL AUTO_INCREMENT;

--
-- AUTO_INCREMENT dla tabeli `kzu_testy_przesiewowe`
--
ALTER TABLE `kzu_testy_przesiewowe`
  MODIFY `Id_Badania` int(11) NOT NULL AUTO_INCREMENT;

--
-- AUTO_INCREMENT dla tabeli `kzu_wywiady_srodowiskowe`
--
ALTER TABLE `kzu_wywiady_srodowiskowe`
  MODIFY `Id_Wywiadu` int(11) NOT NULL AUTO_INCREMENT, AUTO_INCREMENT=2;

--
-- AUTO_INCREMENT dla tabeli `kzu_wzrok`
--
ALTER TABLE `kzu_wzrok`
  MODIFY `Id_Badania` int(11) NOT NULL AUTO_INCREMENT, AUTO_INCREMENT=293;

--
-- AUTO_INCREMENT dla tabeli `lekarz`
--
ALTER TABLE `lekarz`
  MODIFY `Id_Lekarz` int(11) NOT NULL AUTO_INCREMENT, AUTO_INCREMENT=7;

--
-- AUTO_INCREMENT dla tabeli `nurse`
--
ALTER TABLE `nurse`
  MODIFY `Id` int(11) NOT NULL AUTO_INCREMENT, AUTO_INCREMENT=5;

--
-- AUTO_INCREMENT dla tabeli `testy_przesiewowe`
--
ALTER TABLE `testy_przesiewowe`
  MODIFY `Id_Przesiewu` int(11) NOT NULL AUTO_INCREMENT, AUTO_INCREMENT=40;

--
-- Ograniczenia dla zrzutów tabel
--

--
-- Ograniczenia dla tabeli `dziennik`
--
ALTER TABLE `dziennik`
  ADD CONSTRAINT `dziennik_ibfk_1` FOREIGN KEY (`Nurse_Id`) REFERENCES `nurse` (`Id`),
  ADD CONSTRAINT `dziennik_ibfk_2` FOREIGN KEY (`Id_Klasy`) REFERENCES `e-dziennik`.`class` (`Id`) ON DELETE NO ACTION ON UPDATE CASCADE,
  ADD CONSTRAINT `dziennik_ibfk_3` FOREIGN KEY (`Id_Ucznia`) REFERENCES `e-dziennik`.`student` (`Id`) ON DELETE NO ACTION ON UPDATE CASCADE,
  ADD CONSTRAINT `dziennik_ibfk_4` FOREIGN KEY (`Id_Szkoly`) REFERENCES `e-dziennik`.`school` (`Id`) ON DELETE CASCADE ON UPDATE CASCADE;

--
-- Ograniczenia dla tabeli `kzu`
--
ALTER TABLE `kzu`
  ADD CONSTRAINT `kzu_ibfk_1` FOREIGN KEY (`Nurse_Id`) REFERENCES `nurse` (`Id`),
  ADD CONSTRAINT `kzu_ibfk_2` FOREIGN KEY (`Id_Ucznia`) REFERENCES `e-dziennik`.`student` (`Id`) ON DELETE CASCADE ON UPDATE CASCADE;

--
-- Ograniczenia dla tabeli `kzu_choroby`
--
ALTER TABLE `kzu_choroby`
  ADD CONSTRAINT `kzu_choroby_ibfk_1` FOREIGN KEY (`Id_Karty`) REFERENCES `kzu` (`Id_Karty`) ON UPDATE CASCADE,
  ADD CONSTRAINT `kzu_choroby_ibfk_2` FOREIGN KEY (`Id_Choroby`) REFERENCES `choroby` (`id_choroby`) ON DELETE CASCADE ON UPDATE CASCADE;

--
-- Ograniczenia dla tabeli `kzu_cisnienie_tetnicze_krwi`
--
ALTER TABLE `kzu_cisnienie_tetnicze_krwi`
  ADD CONSTRAINT `kzu_cisnienie_tetnicze_krwi_ibfk_1` FOREIGN KEY (`Id_Karty`) REFERENCES `kzu` (`Id_Karty`);

--
-- Ograniczenia dla tabeli `kzu_inne`
--
ALTER TABLE `kzu_inne`
  ADD CONSTRAINT `kzu_inne_ibfk_1` FOREIGN KEY (`Id_Karty`) REFERENCES `kzu` (`Id_Karty`);

--
-- Ograniczenia dla tabeli `kzu_kwalifikacja_wf`
--
ALTER TABLE `kzu_kwalifikacja_wf`
  ADD CONSTRAINT `kzu_kwalifikacja_wf_ibfk_1` FOREIGN KEY (`Id_Karty`) REFERENCES `kzu` (`Id_Karty`);

--
-- Ograniczenia dla tabeli `kzu_problemy`
--
ALTER TABLE `kzu_problemy`
  ADD CONSTRAINT `kzu_problemy_ibfk_1` FOREIGN KEY (`Id_Karty`) REFERENCES `kzu` (`Id_Karty`);

--
-- Ograniczenia dla tabeli `kzu_skierowania`
--
ALTER TABLE `kzu_skierowania`
  ADD CONSTRAINT `kzu_skierowania_ibfk_1` FOREIGN KEY (`Id_Karty`) REFERENCES `kzu` (`Id_Karty`),
  ADD CONSTRAINT `kzu_skierowania_ibfk_2` FOREIGN KEY (`Id_Lekarz`) REFERENCES `lekarz` (`Id_Lekarz`);

--
-- Ograniczenia dla tabeli `kzu_sluch`
--
ALTER TABLE `kzu_sluch`
  ADD CONSTRAINT `kzu_sluch_ibfk_1` FOREIGN KEY (`Id_Karty`) REFERENCES `kzu` (`Id_Karty`);

--
-- Ograniczenia dla tabeli `kzu_testy_do_wykrycia`
--
ALTER TABLE `kzu_testy_do_wykrycia`
  ADD CONSTRAINT `kzu_testy_do_wykrycia_ibfk_1` FOREIGN KEY (`Id_Karty`) REFERENCES `kzu` (`Id_Karty`);

--
-- Ograniczenia dla tabeli `kzu_testy_przesiewowe`
--
ALTER TABLE `kzu_testy_przesiewowe`
  ADD CONSTRAINT `kzu_testy_przesiewowe_ibfk_1` FOREIGN KEY (`Id_Karty`) REFERENCES `kzu` (`Id_Karty`);

--
-- Ograniczenia dla tabeli `kzu_wywiady_srodowiskowe`
--
ALTER TABLE `kzu_wywiady_srodowiskowe`
  ADD CONSTRAINT `kzu_wywiady_srodowiskowe_ibfk_1` FOREIGN KEY (`Id_Karty`) REFERENCES `kzu` (`Id_Karty`);

--
-- Ograniczenia dla tabeli `kzu_wzrok`
--
ALTER TABLE `kzu_wzrok`
  ADD CONSTRAINT `kzu_wzrok_ibfk_1` FOREIGN KEY (`Id_Karty`) REFERENCES `kzu` (`Id_Karty`);

--
-- Ograniczenia dla tabeli `nurse_school`
--
ALTER TABLE `nurse_school`
  ADD CONSTRAINT `nurse_school_ibfk_1` FOREIGN KEY (`Nurse_Id`) REFERENCES `nurse` (`Id`),
  ADD CONSTRAINT `nurse_school_ibfk_2` FOREIGN KEY (`School_Id`) REFERENCES `e-dziennik`.`school` (`Id`) ON DELETE CASCADE ON UPDATE CASCADE;

--
-- Ograniczenia dla tabeli `uczen_help`
--
ALTER TABLE `uczen_help`
  ADD CONSTRAINT `uczen_help_ibfk_1` FOREIGN KEY (`Id_Ucznia`) REFERENCES `e-dziennik`.`student` (`Id`) ON DELETE CASCADE ON UPDATE CASCADE;
COMMIT;

/*!40101 SET CHARACTER_SET_CLIENT=@OLD_CHARACTER_SET_CLIENT */;
/*!40101 SET CHARACTER_SET_RESULTS=@OLD_CHARACTER_SET_RESULTS */;
/*!40101 SET COLLATION_CONNECTION=@OLD_COLLATION_CONNECTION */;
