-- phpMyAdmin SQL Dump
-- version 5.1.1
-- https://www.phpmyadmin.net/
--
-- Host: 127.0.0.1
-- Czas generowania: 20 Sty 2022, 17:07
-- Wersja serwera: 10.4.21-MariaDB
-- Wersja PHP: 7.3.31

SET SQL_MODE = "NO_AUTO_VALUE_ON_ZERO";
START TRANSACTION;
SET time_zone = "+00:00";


/*!40101 SET @OLD_CHARACTER_SET_CLIENT=@@CHARACTER_SET_CLIENT */;
/*!40101 SET @OLD_CHARACTER_SET_RESULTS=@@CHARACTER_SET_RESULTS */;
/*!40101 SET @OLD_COLLATION_CONNECTION=@@COLLATION_CONNECTION */;
/*!40101 SET NAMES utf8mb4 */;

--
-- Baza danych: `e-nurse`
--

-- --------------------------------------------------------

--
-- Struktura tabeli dla tabeli `choroby`
--

CREATE TABLE `choroby` (
  `id_choroby` int(11) NOT NULL,
  `choroba` varchar(30) COLLATE utf8_polish_ci NOT NULL
) ENGINE=InnoDB DEFAULT CHARSET=utf8 COLLATE=utf8_polish_ci;

--
-- Zrzut danych tabeli `choroby`
--

INSERT INTO `choroby` (`id_choroby`, `choroba`) VALUES
(1, 'Anemia'),
(2, 'Cukrzyca typu I'),
(3, 'Cukrzyca typu II'),
(4, 'Zaburzenia lękowe'),
(5, 'Astma'),
(6, 'Depresja'),
(7, 'Otyłość'),
(8, 'Alergia'),
(9, 'Częste bóle głowy'),
(10, 'Nowotwór złośliwy'),
(11, 'Reumatoidalne zapalenie stawów'),
(12, 'Zapalenie stawów i/lub kości'),
(13, 'Choroba wrzodowa żołądka lub d'),
(14, 'Wysokie ciśnienie krwi'),
(15, 'Przewlekłe choroby nerek'),
(16, 'Bóle szyi'),
(17, 'Choroby tarczycy'),
(18, 'Przewlekłe zapalenie oskrzeli');

-- --------------------------------------------------------

--
-- Struktura tabeli dla tabeli `dziennik`
--

CREATE TABLE `dziennik` (
  `Id_Wpisu` int(11) NOT NULL,
  `Data` datetime DEFAULT NULL,
  `Id_Ucznia` int(11) DEFAULT NULL,
  `Id_Klasy` int(11) DEFAULT NULL,
  `Id_Szkoly` int(11) DEFAULT NULL,
  `Opis_Zdarzenia` varchar(1000) COLLATE utf8_polish_ci DEFAULT NULL,
  `Co_Podano` varchar(255) COLLATE utf8_polish_ci DEFAULT NULL,
  `Nurse_Id` int(11) NOT NULL
) ENGINE=InnoDB DEFAULT CHARSET=utf8 COLLATE=utf8_polish_ci;

--
-- Zrzut danych tabeli `dziennik`
--

INSERT INTO `dziennik` (`Id_Wpisu`, `Data`, `Id_Ucznia`, `Id_Klasy`, `Id_Szkoly`, `Opis_Zdarzenia`, `Co_Podano`, `Nurse_Id`) VALUES
(1, '2021-11-16 13:17:31', 28, 4, 4, 'Uczeń skarżył się na ból brzucha. Zadzwoniono do opiekuna prawnego, który odebrał ucznia ze szkoły.', 'Paracetamolum, Herbata miętowa', 1),
(2, '2021-11-02 09:18:18', 62, 9, 4, 'Według uczennicy otarła kolano na zajęciach z wychowania fizycznego. Skarżyła się na pieczenie. Ranę opatrzono.', 'Paracetamolum, Opatrunek', 4),
(3, '2021-11-14 13:25:49', 78, 12, 5, 'Uczeń skarżył się na silną biegunkę. Uczeń został odebrany przez opiekuna prawnego. Zalecono obserwację stanu ucznia i w razie pogorszenia - kontakt z lekarzem rodzinnym lub szpital.', 'Carbo medicinalis', 3),
(4, '2021-11-23 08:31:45', NULL, 1, 4, 'Fluoryzacja. Każdy z uczniów w klasie był obecny.', 'ELMEX JUNIOR', 1),
(5, '2021-12-19 12:34:33', 68, 11, 5, 'Uczeń na przerwie upadł i uderzył się w łokieć. Skarżył się na bardzo mocny ból. Nie można było ucznia uspokoić. Była widoczna opuchlizna. Uczeń nie mógł normalnie ruszać ręką. Została wezwana karetka na miejsce. Podejrzenie zwichnięcia łokcia.', 'Paracetamolum, Opatrunek, Neospasmina', 2);

-- --------------------------------------------------------

--
-- Struktura tabeli dla tabeli `kzu`
--

CREATE TABLE `kzu` (
  `Id_Karty` int(11) NOT NULL,
  `Id_Ucznia` int(11) DEFAULT NULL,
  `Niepelnosprawnosc` tinyint(1) DEFAULT NULL,
  `Nurse_Id` int(11) NOT NULL
) ENGINE=InnoDB DEFAULT CHARSET=utf8 COLLATE=utf8_polish_ci;

--
-- Zrzut danych tabeli `kzu`
--

INSERT INTO `kzu` (`Id_Karty`, `Id_Ucznia`, `Niepelnosprawnosc`, `Nurse_Id`) VALUES
(1, 2, 0, 1),
(2, 3, 0, 1),
(3, 4, 0, 4),
(4, 5, 0, 4),
(5, 6, 0, 1),
(6, 7, 0, 4),
(7, 8, 0, 4),
(8, 9, 0, 1),
(9, 10, 0, 1),
(10, 11, 0, 1),
(11, 12, 0, 4),
(12, 13, 0, 1),
(13, 14, 0, 4),
(14, 15, 0, 1),
(15, 16, 0, 4),
(16, 18, 0, 4),
(17, 19, 0, 4),
(18, 20, 0, 4),
(19, 21, 0, 1),
(20, 22, 0, 1),
(21, 23, 0, 1),
(22, 24, 0, 1),
(23, 25, 0, 4),
(24, 26, 0, 4),
(25, 27, 0, 4),
(26, 28, 0, 1),
(27, 29, 0, 4),
(28, 30, 0, 1),
(29, 31, 0, 4),
(30, 32, 0, 1),
(31, 33, 0, 4),
(32, 34, 0, 1),
(33, 35, 0, 1),
(34, 36, 0, 1),
(35, 37, 0, 4),
(36, 38, 0, 4),
(37, 39, 0, 1),
(38, 40, 0, 4),
(39, 41, 0, 1),
(40, 42, 0, 1),
(41, 43, 0, 4),
(42, 44, 0, 1),
(43, 45, 0, 1),
(44, 46, 0, 4),
(45, 47, 0, 1),
(46, 48, 0, 4),
(47, 49, 0, 1),
(48, 50, 0, 4),
(49, 51, 0, 1),
(50, 52, 0, 1),
(51, 53, 0, 4),
(52, 54, 0, 4),
(53, 55, 0, 4),
(54, 56, 0, 4),
(55, 57, 0, 1),
(56, 58, 0, 1),
(57, 59, 0, 1),
(58, 60, 0, 1),
(59, 61, 0, 4),
(60, 62, 0, 1),
(61, 63, 0, 4),
(62, 64, 0, 2),
(63, 65, 0, 2),
(64, 66, 0, 2),
(65, 67, 0, 2),
(66, 68, 0, 3),
(67, 69, 0, 2),
(68, 70, 0, 2),
(69, 71, 0, 3),
(70, 72, 0, 3),
(71, 73, 0, 3),
(72, 74, 0, 3),
(73, 75, 0, 2),
(74, 76, 0, 3),
(75, 77, 0, 3),
(76, 78, 0, 3),
(77, 79, 0, 3),
(78, 80, 0, 3),
(79, 81, 0, 3),
(80, 82, 0, 2),
(81, 83, 0, 3),
(82, 84, 0, 2),
(83, 85, 0, 2),
(84, 86, 0, 2),
(85, 87, 0, 2),
(86, 88, 0, 2),
(87, 89, 0, 3),
(88, 90, 0, 2),
(89, 91, 0, 3);

-- --------------------------------------------------------

--
-- Struktura tabeli dla tabeli `kzu_choroby`
--

CREATE TABLE `kzu_choroby` (
  `Id_Karty` int(11) NOT NULL,
  `Id_Choroby` int(11) NOT NULL,
  `Rok_Zycia` int(11) DEFAULT NULL,
  `Rodzaj_Choroby` varchar(255) COLLATE utf8_polish_ci DEFAULT NULL
) ENGINE=InnoDB DEFAULT CHARSET=utf8 COLLATE=utf8_polish_ci;

--
-- Zrzut danych tabeli `kzu_choroby`
--

INSERT INTO `kzu_choroby` (`Id_Karty`, `Id_Choroby`, `Rok_Zycia`, `Rodzaj_Choroby`) VALUES
(7, 18, 5, NULL),
(9, 14, 6, NULL),
(14, 2, 4, NULL),
(15, 17, 5, NULL),
(21, 8, 7, 'Orzechy, Soja'),
(61, 8, 11, 'Pyłki kurzu, Pyłki leszczyny'),
(64, 8, 10, 'Sierść kota, Pyłki leszczyny'),
(78, 6, 8, NULL);

-- --------------------------------------------------------

--
-- Struktura tabeli dla tabeli `kzu_cisnienie_tetnicze_krwi`
--

CREATE TABLE `kzu_cisnienie_tetnicze_krwi` (
  `Id_Karty` int(11) DEFAULT NULL,
  `Id_Badania` int(11) NOT NULL,
  `Data_Badania` datetime DEFAULT NULL,
  `Wynik` varchar(7) COLLATE utf8_polish_ci DEFAULT NULL,
  `Centyl` varchar(10) COLLATE utf8_polish_ci DEFAULT NULL
) ENGINE=InnoDB DEFAULT CHARSET=utf8 COLLATE=utf8_polish_ci;

--
-- Zrzut danych tabeli `kzu_cisnienie_tetnicze_krwi`
--

INSERT INTO `kzu_cisnienie_tetnicze_krwi` (`Id_Karty`, `Id_Badania`, `Data_Badania`, `Wynik`, `Centyl`) VALUES
(1, 1, '2022-01-10 20:17:01', '92/47', '18/3'),
(2, 2, '2022-01-10 20:17:01', '95/62', '12/92'),
(3, 3, '2022-01-10 20:17:01', '94/45', '23/3'),
(4, 4, '2022-01-10 20:17:01', '99/58', '39/82'),
(5, 5, '2022-01-10 20:17:01', '88/52', '5/50'),
(6, 6, '2022-01-10 20:17:01', '88/62', '4/93'),
(7, 7, '2021-01-10 20:17:01', '102/57', '56/84'),
(8, 8, '2021-01-10 20:17:01', '119/44', '95/5'),
(9, 9, '2021-01-10 20:17:01', '95/56', '20/75'),
(10, 10, '2021-01-10 20:17:01', '84/74', '3/96'),
(11, 11, '2021-01-10 20:17:01', '111/53', '79/72'),
(12, 12, '2021-01-10 20:17:01', '86/47', '5/4'),
(13, 13, '2021-01-10 20:17:01', '103/53', '74/59'),
(14, 14, '2020-01-10 20:17:01', '98/76', '40/98'),
(15, 15, '2020-01-10 20:17:01', '112/59', '86/80'),
(16, 16, '2020-01-10 20:17:01', '117/61', '91/92'),
(17, 17, '2020-01-10 20:17:01', '99/48', '50/47'),
(18, 18, '2020-01-10 20:17:01', '98/48', '35/45'),
(19, 19, '2020-01-10 20:17:01', '89/68', '10/99'),
(20, 20, '2022-01-10 20:17:01', '110/60', '59/83'),
(20, 21, '2019-01-10 20:17:01', '86/48', '3/37'),
(21, 22, '2022-01-10 20:17:01', '90/48', '5/3'),
(21, 23, '2019-01-10 20:17:01', '92/51', '16/56'),
(22, 24, '2022-01-10 20:17:01', '101/66', '43/95'),
(22, 25, '2019-01-10 20:17:01', '109/65', '83/95'),
(23, 26, '2022-01-10 20:17:01', '110/77', '73/95'),
(23, 27, '2019-01-10 20:17:01', '98/63', '34/94'),
(24, 28, '2022-01-10 20:17:01', '105/46', '73/5'),
(24, 29, '2019-01-10 20:17:01', '124/46', '95/5'),
(25, 30, '2022-01-10 20:17:01', '93/51', '7/39'),
(25, 31, '2019-01-10 20:17:01', '110/77', '89/98'),
(26, 32, '2022-01-10 20:17:01', '98/53', '16/71'),
(26, 33, '2019-01-10 20:17:01', '88/43', '4/2'),
(27, 34, '2021-01-10 20:17:01', '105/53', '67/71'),
(27, 35, '2018-01-10 20:17:01', '119/60', '96/94'),
(28, 36, '2021-01-10 20:17:01', '111/65', '84/95'),
(28, 37, '2018-01-10 20:17:01', '92/48', '25/31'),
(29, 38, '2021-01-10 20:17:01', '120/48', '95/4'),
(29, 39, '2018-01-10 20:17:01', '122/55', '98/87'),
(30, 40, '2021-01-10 20:17:01', '110/56', '67/88'),
(30, 41, '2018-01-10 20:17:01', '112/48', '89/49'),
(31, 42, '2021-01-10 20:17:01', '103/57', '35/82'),
(31, 43, '2018-01-10 20:17:01', '94/75', '25/97'),
(32, 44, '2021-01-10 20:17:01', '112/48', '80/4'),
(32, 45, '2018-01-10 20:17:01', '112/64', '79/90'),
(33, 46, '2021-01-10 20:17:01', '99/75', '49/98'),
(33, 47, '2018-01-10 20:17:01', '100/60', '28/94'),
(34, 48, '2022-01-10 20:17:01', '119/49', '90/5'),
(34, 49, '2020-01-10 20:17:01', '87/67', '4/97'),
(34, 50, '2017-01-10 20:17:01', '105/68', '75/96'),
(35, 51, '2022-01-10 20:17:01', '103/54', '31/74'),
(35, 52, '2020-01-10 20:17:01', '115/59', '87/85'),
(35, 53, '2017-01-10 20:17:01', '115/44', '93/4'),
(36, 54, '2022-01-10 20:17:01', '107/66', '58/91'),
(36, 55, '2020-01-10 20:17:01', '101/62', '26/90'),
(36, 56, '2017-01-10 20:17:01', '107/64', '56/92'),
(37, 57, '2022-01-10 20:17:01', '124/51', '97/30'),
(37, 58, '2020-01-10 20:17:01', '99/68', '40/96'),
(37, 59, '2017-01-10 20:17:01', '98/53', '30/66'),
(38, 60, '2022-01-10 20:17:01', '116/54', '86/63'),
(38, 61, '2020-01-10 20:17:01', '115/74', '82/96'),
(38, 62, '2017-01-10 20:17:01', '84/69', '5/97'),
(39, 63, '2022-01-10 20:17:01', '92/75', '2/97'),
(39, 64, '2020-01-10 20:17:01', '107/51', '56/25'),
(39, 65, '2017-01-10 20:17:01', '88/45', '4/2'),
(40, 66, '2022-01-10 20:17:01', '123/78', '99/96'),
(40, 67, '2020-01-10 20:17:01', '125/63', '97/93'),
(40, 68, '2017-01-10 20:17:01', '92/49', '16/30'),
(41, 69, '2021-01-10 20:17:01', '127/56', '98/63'),
(41, 70, '2019-01-10 20:17:01', '108/62', '68/92'),
(41, 71, '2016-01-10 20:17:01', '98/58', '39/81'),
(42, 72, '2021-01-10 20:17:01', '128/79', '98/95'),
(42, 73, '2019-01-10 20:17:01', '94/67', '25/96'),
(42, 74, '2016-01-10 20:17:01', '119/75', '96/95'),
(43, 75, '2021-01-10 20:17:01', '117/54', '85/67'),
(43, 76, '2019-01-10 20:17:01', '102/65', '40/94'),
(43, 77, '2016-01-10 20:17:01', '104/60', '57/93'),
(44, 78, '2021-01-10 20:17:01', '129/66', '95/90'),
(44, 79, '2019-01-10 20:17:01', '101/59', '28/84'),
(44, 80, '2016-01-10 20:17:01', '85/67', '3/99'),
(45, 81, '2021-01-10 20:17:01', '123/64', '98/95'),
(45, 82, '2019-01-10 20:17:01', '85/58', '3/90'),
(45, 83, '2016-01-10 20:17:01', '94/62', '16/91'),
(46, 84, '2021-01-10 20:17:01', '106/64', '47/92'),
(46, 85, '2019-01-10 20:17:01', '104/55', '75/53'),
(46, 86, '2016-01-10 20:17:01', '108/68', '77/99'),
(47, 87, '2021-01-10 20:17:01', '96/78', '16/96'),
(47, 88, '2019-01-10 20:17:01', '92/62', '8/95'),
(47, 89, '2016-01-10 20:17:01', '113/47', '87/4'),
(48, 90, '2022-01-10 20:17:01', '111/54', '75/64'),
(48, 91, '2020-01-10 20:17:01', '121/51', '93/26'),
(48, 92, '2018-01-10 20:17:01', '110/45', '61/2'),
(48, 93, '2015-01-10 20:17:01', '124/57', '99/80'),
(49, 94, '2022-01-10 20:17:01', '120/76', '81/96'),
(49, 95, '2020-01-10 20:17:01', '111/59', '64/85'),
(49, 96, '2018-01-10 20:17:01', '86/53', '2/52'),
(49, 97, '2015-01-10 20:17:01', '108/43', '77/4'),
(50, 98, '2022-01-10 20:17:01', '129/48', '99/5'),
(50, 99, '2020-01-10 20:17:01', '94/72', '8/97'),
(50, 100, '2018-01-10 20:17:01', '124/78', '99/97'),
(50, 101, '2015-01-10 20:17:01', '83/74', '3/99'),
(51, 102, '2022-01-10 20:17:01', '118/79', '89/97'),
(51, 103, '2020-01-10 20:17:01', '114/61', '81/84'),
(51, 104, '2018-01-10 20:17:01', '89/73', '3/95'),
(51, 105, '2015-01-10 20:17:01', '112/66', '78/97'),
(52, 106, '2022-01-10 20:17:01', '116/70', '74/95'),
(52, 107, '2020-01-10 20:17:01', '92/72', '2/98'),
(52, 108, '2018-01-10 20:17:01', '91/65', '10/94'),
(52, 109, '2015-01-10 20:17:01', '119/64', '95/92'),
(53, 110, '2022-01-10 20:17:01', '116/51', '55/49'),
(53, 111, '2020-01-10 20:17:01', '87/66', '4/92'),
(53, 112, '2018-01-10 20:17:01', '116/52', '87/64'),
(53, 113, '2015-01-10 20:17:01', '120/57', '95/76'),
(54, 114, '2022-01-10 20:17:01', '95/75', '1/99'),
(54, 115, '2020-01-10 20:17:01', '90/68', '1/95'),
(54, 116, '2018-01-10 20:17:01', '96/59', '23/86'),
(54, 117, '2015-01-10 20:17:01', '85/77', '2/95'),
(55, 118, '2021-01-10 20:17:01', '106/77', '49/99'),
(55, 119, '2019-01-10 20:17:01', '119/55', '95/51'),
(55, 120, '2017-01-10 20:17:01', '109/60', '67/84'),
(55, 121, '2014-01-10 20:17:01', '108/72', '75/97'),
(56, 122, '2021-01-10 20:17:01', '104/77', '20/96'),
(56, 123, '2019-01-10 20:17:01', '119/47', '91/4'),
(56, 124, '2017-01-10 20:17:01', '87/46', '4/3'),
(56, 125, '2014-01-10 20:17:01', '117/49', '92/48'),
(57, 126, '2021-01-10 20:17:01', '119/52', '83/38'),
(57, 127, '2019-01-10 20:17:01', '102/66', '29/94'),
(57, 128, '2017-01-10 20:17:01', '107/53', '50/72'),
(57, 129, '2014-01-10 20:17:01', '101/67', '49/98'),
(58, 130, '2021-01-10 20:17:01', '134/57', '96/74'),
(58, 131, '2019-01-10 20:17:01', '97/52', '22/32'),
(58, 132, '2017-01-10 20:17:01', '126/47', '99/4'),
(58, 133, '2014-01-10 20:17:01', '114/45', '95/5'),
(59, 134, '2021-01-10 20:17:01', '107/81', '43/99'),
(59, 135, '2019-01-10 20:17:01', '88/57', '5/81'),
(59, 136, '2017-01-10 20:17:01', '101/57', '31/84'),
(59, 137, '2014-01-10 20:17:01', '112/47', '79/4'),
(60, 138, '2021-01-10 20:17:01', '97/58', '9/76'),
(60, 139, '2019-01-10 20:17:01', '121/46', '95/4'),
(60, 140, '2017-01-10 20:17:01', '124/53', '99/52'),
(60, 141, '2014-01-10 20:17:01', '99/49', '36/31'),
(61, 142, '2021-01-10 20:17:01', '103/61', '10/90'),
(61, 143, '2019-01-10 20:17:01', '98/53', '21/65'),
(61, 144, '2017-01-10 20:17:01', '101/62', '35/91'),
(61, 145, '2014-01-10 20:17:01', '84/73', '1/96'),
(62, 146, '2022-01-10 20:17:01', '120/70', '62/98'),
(62, 147, '2020-01-10 20:17:01', '99/75', '16/95'),
(62, 148, '2018-01-10 20:17:01', '117/47', '81/1'),
(62, 149, '2016-01-10 20:17:01', '99/50', '43/41'),
(62, 150, '2013-01-10 20:17:01', '122/69', '96/98'),
(63, 151, '2022-01-10 20:17:01', '113/71', '32/98'),
(63, 152, '2020-01-10 20:17:01', '129/51', '98/32'),
(63, 153, '2018-01-10 20:17:01', '100/74', '17/98'),
(63, 154, '2016-01-10 20:17:01', '120/66', '98/95'),
(63, 155, '2013-01-10 20:17:01', '93/68', '22/95'),
(64, 156, '2022-01-10 20:17:01', '130/65', '84/94'),
(64, 157, '2020-01-10 20:17:01', '134/52', '95/42'),
(64, 158, '2018-01-10 20:17:01', '126/66', '99/93'),
(64, 159, '2016-01-10 20:17:01', '118/55', '95/53'),
(64, 160, '2013-01-10 20:17:01', '113/75', '88/95'),
(65, 161, '2022-01-10 20:17:01', '135/61', '95/80'),
(65, 162, '2020-01-10 20:17:01', '129/60', '95/84'),
(65, 163, '2018-01-10 20:17:01', '92/67', '3/98'),
(65, 164, '2016-01-10 20:17:01', '108/65', '63/95'),
(65, 165, '2013-01-10 20:17:01', '120/43', '97/1'),
(66, 166, '2022-01-10 20:17:01', '128/48', '75/4'),
(66, 167, '2020-01-10 20:17:01', '116/59', '60/76'),
(66, 168, '2018-01-10 20:17:01', '129/62', '97/93'),
(66, 169, '2016-01-10 20:17:01', '116/73', '75/99'),
(66, 170, '2013-01-10 20:17:01', '87/45', '2/3'),
(67, 171, '2022-01-10 20:17:01', '140/55', '99/40'),
(67, 172, '2020-01-10 20:17:01', '131/81', '99/97'),
(67, 173, '2018-01-10 20:17:01', '103/57', '33/78'),
(67, 174, '2016-01-10 20:17:01', '104/71', '71/96'),
(67, 175, '2013-01-10 20:17:01', '86/49', '2/44'),
(68, 176, '2022-01-10 20:17:01', '96/82', '2/97'),
(68, 177, '2020-01-10 20:17:01', '101/49', '15/1'),
(68, 178, '2018-01-10 20:17:01', '122/64', '93/93'),
(68, 179, '2016-01-10 20:17:01', '116/50', '77/30'),
(68, 180, '2013-01-10 20:17:01', '97/55', '48/84'),
(69, 181, '2021-01-10 20:17:01', '138/66', '97/90'),
(69, 182, '2019-01-10 20:17:01', '131/76', '96/95'),
(69, 183, '2017-01-10 20:17:01', '89/77', '5/97'),
(69, 184, '2015-01-10 20:17:01', '121/58', '96/81'),
(69, 185, '2012-01-10 20:17:01', '113/47', '88/2'),
(70, 186, '2021-01-10 20:17:01', '102/73', '9/96'),
(70, 187, '2019-01-10 20:17:01', '102/76', '15/97'),
(70, 188, '2017-01-10 20:17:01', '97/54', '25/61'),
(70, 189, '2015-01-10 20:17:01', '85/64', '3/95'),
(70, 190, '2012-01-10 20:17:01', '96/73', '14/97'),
(71, 191, '2021-01-10 20:17:01', '105/74', '10/97'),
(71, 192, '2019-01-10 20:17:01', '108/63', '31/95'),
(71, 193, '2017-01-10 20:17:01', '90/51', '4/42'),
(71, 194, '2015-01-10 20:17:01', '119/63', '92/91'),
(71, 195, '2012-01-10 20:17:01', '122/52', '95/72'),
(72, 196, '2021-01-10 20:17:01', '97/54', '4/49'),
(72, 197, '2019-01-10 20:17:01', '127/51', '95/47'),
(72, 198, '2017-01-10 20:17:01', '105/60', '43/83'),
(72, 199, '2015-01-10 20:17:01', '95/45', '18/4'),
(72, 200, '2012-01-10 20:17:01', '115/62', '93/95'),
(73, 201, '2021-01-10 20:17:01', '108/66', '25/91'),
(73, 202, '2019-01-10 20:17:01', '109/66', '30/94'),
(73, 203, '2017-01-10 20:17:01', '101/60', '28/88'),
(73, 204, '2015-01-10 20:17:01', '126/76', '98/96'),
(73, 205, '2012-01-10 20:17:01', '94/54', '11/69'),
(74, 206, '2021-01-10 20:17:01', '105/78', '10/96'),
(74, 207, '2019-01-10 20:17:01', '98/48', '9/3'),
(74, 208, '2017-01-10 20:17:01', '128/51', '97/36'),
(74, 209, '2015-01-10 20:17:01', '120/55', '95/68'),
(74, 210, '2012-01-10 20:17:01', '105/71', '59/99'),
(75, 211, '2021-01-10 20:17:01', '106/81', '18/99'),
(75, 212, '2019-01-10 20:17:01', '135/51', '97/47'),
(75, 213, '2017-01-10 20:17:01', '129/73', '97/99'),
(75, 214, '2015-01-10 20:17:01', '117/61', '95/95'),
(75, 215, '2012-01-10 20:17:01', '97/76', '41/98'),
(76, 216, '2020-01-10 20:17:01', '98/78', '2/98'),
(76, 217, '2018-01-10 20:17:01', '116/49', '53/2'),
(76, 218, '2016-01-10 20:17:01', '104/66', '34/91'),
(76, 219, '2014-01-10 20:17:01', '111/56', '75/80'),
(76, 220, '2011-01-10 20:17:01', '123/46', '96/4'),
(77, 221, '2020-01-10 20:17:01', '96/49', '4/3'),
(77, 222, '2018-01-10 20:17:01', '112/74', '55/99'),
(77, 223, '2016-01-10 20:17:01', '89/78', '5/98'),
(77, 224, '2014-01-10 20:17:01', '106/55', '65/57'),
(77, 225, '2011-01-10 20:17:01', '90/77', '7/95'),
(78, 226, '2020-01-10 20:17:01', '119/48', '52/3'),
(78, 227, '2018-01-10 20:17:01', '90/70', '1/99'),
(78, 228, '2016-01-10 20:17:01', '119/45', '95/5'),
(78, 229, '2014-01-10 20:17:01', '105/49', '73/1'),
(78, 230, '2011-01-10 20:17:01', '107/55', '70/76'),
(79, 231, '2020-01-10 20:17:01', '142/51', '96/4'),
(79, 232, '2018-01-10 20:17:01', '130/80', '99/95'),
(79, 233, '2016-01-10 20:17:01', '102/77', '31/99'),
(79, 234, '2014-01-10 20:17:01', '98/67', '20/98'),
(79, 235, '2011-01-10 20:17:01', '116/63', '95/92'),
(80, 236, '2020-01-10 20:17:01', '99/60', '5/83'),
(80, 237, '2018-01-10 20:17:01', '100/48', '20/1'),
(80, 238, '2016-01-10 20:17:01', '125/54', '96/52'),
(80, 239, '2014-01-10 20:17:01', '102/54', '30/51'),
(80, 240, '2011-01-10 20:17:01', '121/55', '99/78'),
(81, 241, '2020-01-10 20:17:01', '140/77', '96/99'),
(81, 242, '2018-01-10 20:17:01', '126/62', '92/75'),
(81, 243, '2016-01-10 20:17:01', '90/65', '3/93'),
(81, 244, '2014-01-10 20:17:01', '117/55', '92/53'),
(81, 245, '2011-01-10 20:17:01', '96/58', '15/89'),
(82, 246, '2020-01-10 20:17:01', '111/76', '37/98'),
(82, 247, '2018-01-10 20:17:01', '94/78', '3/96'),
(82, 248, '2016-01-10 20:17:01', '101/63', '39/91'),
(82, 249, '2014-01-10 20:17:01', '92/52', '10/69'),
(82, 250, '2011-01-10 20:17:01', '98/48', '32/42'),
(83, 251, '2019-01-10 20:17:01', '136/76', '98/97'),
(83, 252, '2017-01-10 20:17:01', '98/60', '7/80'),
(83, 253, '2015-01-10 20:17:01', '92/74', '2/99'),
(83, 254, '2013-01-10 20:17:01', '111/47', '79/2'),
(83, 255, '2010-01-10 20:17:01', '107/58', '62/82'),
(84, 256, '2019-01-10 20:17:01', '128/48', '84/5'),
(84, 257, '2017-01-10 20:17:01', '104/63', '17/93'),
(84, 258, '2015-01-10 20:17:01', '114/71', '81/99'),
(84, 259, '2013-01-10 20:17:01', '113/69', '81/99'),
(84, 260, '2010-01-10 20:17:01', '96/61', '19/90'),
(85, 261, '2019-01-10 20:17:01', '129/71', '84/96'),
(85, 262, '2017-01-10 20:17:01', '103/75', '12/95'),
(85, 263, '2015-01-10 20:17:01', '124/61', '99/86'),
(85, 264, '2013-01-10 20:17:01', '89/46', '4/3'),
(85, 265, '2010-01-10 20:17:01', '86/61', '3/93'),
(86, 266, '2019-01-10 20:17:01', '108/54', '17/32'),
(86, 267, '2017-01-10 20:17:01', '104/75', '11/95'),
(86, 268, '2015-01-10 20:17:01', '122/57', '91/86'),
(86, 269, '2013-01-10 20:17:01', '95/55', '16/63'),
(86, 270, '2010-01-10 20:17:01', '88/72', '4/99'),
(87, 271, '2019-01-10 20:17:01', '107/78', '25/97'),
(87, 272, '2017-01-10 20:17:01', '122/79', '90/96'),
(87, 273, '2015-01-10 20:17:01', '97/48', '10/5'),
(87, 274, '2013-01-10 20:17:01', '95/49', '18/2'),
(87, 275, '2010-01-10 20:17:01', '121/72', '96/99'),
(88, 276, '2019-01-10 20:17:01', '102/55', '8/25'),
(88, 277, '2017-01-10 20:17:01', '131/73', '99/95'),
(88, 278, '2015-01-10 20:17:01', '123/49', '95/4'),
(88, 279, '2013-01-10 20:17:01', '100/53', '28/50'),
(88, 280, '2010-01-10 20:17:01', '83/68', '2/97'),
(89, 281, '2019-01-10 20:17:01', '130/70', '79/97'),
(89, 282, '2017-01-10 20:17:01', '112/61', '65/85'),
(89, 283, '2015-01-10 20:17:01', '108/63', '73/91'),
(89, 284, '2013-01-10 20:17:01', '115/58', '89/82'),
(89, 285, '2010-01-10 20:17:01', '93/52', '12/71');

-- --------------------------------------------------------

--
-- Struktura tabeli dla tabeli `kzu_inne`
--

CREATE TABLE `kzu_inne` (
  `Id_Karty` int(11) DEFAULT NULL,
  `Id_Badania` int(11) NOT NULL,
  `Data` datetime DEFAULT NULL,
  `Typ_Badania` varchar(50) COLLATE utf8_polish_ci DEFAULT NULL,
  `Opis` varchar(400) COLLATE utf8_polish_ci DEFAULT NULL
) ENGINE=InnoDB DEFAULT CHARSET=utf8 COLLATE=utf8_polish_ci;

--
-- Zrzut danych tabeli `kzu_inne`
--

INSERT INTO `kzu_inne` (`Id_Karty`, `Id_Badania`, `Data`, `Typ_Badania`, `Opis`) VALUES
(35, 1, '2022-01-13 10:39:14', 'Pierwsza miesiączka', 'Wiek: 11'),
(37, 2, '2022-01-13 10:39:14', 'Pierwsza miesiączka', 'Wiek: 11'),
(39, 3, '2022-01-13 10:39:14', 'Pierwsza miesiączka', 'Wiek: 11'),
(42, 4, '2022-01-13 10:39:14', 'Pierwsza miesiączka', 'Wiek: 12'),
(44, 5, '2022-01-13 10:39:14', 'Pierwsza miesiączka', 'Wiek: 11'),
(46, 6, '2022-01-13 10:39:14', 'Pierwsza miesiączka', 'Wiek: 11'),
(49, 7, '2022-01-13 10:39:14', 'Pierwsza miesiączka', 'Wiek: 11'),
(51, 8, '2022-01-13 10:39:14', 'Pierwsza miesiączka', 'Wiek: 11'),
(53, 9, '2022-01-13 10:39:14', 'Pierwsza miesiączka', 'Wiek: 12'),
(56, 10, '2022-01-13 10:39:14', 'Pierwsza miesiączka', 'Wiek: 12'),
(58, 11, '2022-01-13 10:39:14', 'Pierwsza miesiączka', 'Wiek: 11'),
(60, 12, '2022-01-13 10:39:14', 'Pierwsza miesiączka', 'Wiek: 12'),
(63, 13, '2022-01-13 10:39:14', 'Pierwsza miesiączka', 'Wiek: 15'),
(65, 14, '2022-01-13 10:39:14', 'Pierwsza miesiączka', 'Wiek: 13'),
(67, 15, '2022-01-13 10:39:14', 'Pierwsza miesiączka', 'Wiek: 14'),
(70, 16, '2022-01-13 10:39:14', 'Pierwsza miesiączka', 'Wiek: 16'),
(72, 17, '2022-01-13 10:39:14', 'Pierwsza miesiączka', 'Wiek: 13'),
(74, 18, '2022-01-13 10:39:14', 'Pierwsza miesiączka', 'Wiek: 11'),
(77, 19, '2022-01-13 10:39:14', 'Pierwsza miesiączka', 'Wiek: 11'),
(79, 20, '2022-01-13 10:39:14', 'Pierwsza miesiączka', 'Wiek: 13'),
(81, 21, '2022-01-13 10:39:14', 'Pierwsza miesiączka', 'Wiek: 14'),
(84, 22, '2022-01-13 10:39:14', 'Pierwsza miesiączka', 'Wiek: 15'),
(86, 23, '2022-01-13 10:39:14', 'Pierwsza miesiączka', 'Wiek: 13'),
(88, 24, '2022-01-13 10:39:14', 'Pierwsza miesiączka', 'Wiek: 12');

-- --------------------------------------------------------

--
-- Struktura tabeli dla tabeli `kzu_kwalifikacja_wf`
--

CREATE TABLE `kzu_kwalifikacja_wf` (
  `Id_Karty` int(11) DEFAULT NULL,
  `Id_Kwalifikacji` int(11) NOT NULL,
  `Data` datetime DEFAULT NULL,
  `Grupa` varchar(2) COLLATE utf8_polish_ci DEFAULT NULL,
  `Zalecenia` varchar(255) COLLATE utf8_polish_ci DEFAULT NULL
) ENGINE=InnoDB DEFAULT CHARSET=utf8 COLLATE=utf8_polish_ci;

--
-- Zrzut danych tabeli `kzu_kwalifikacja_wf`
--

INSERT INTO `kzu_kwalifikacja_wf` (`Id_Karty`, `Id_Kwalifikacji`, `Data`, `Grupa`, `Zalecenia`) VALUES
(1, 1, '2022-01-10 13:48:11', 'A', NULL),
(2, 2, '2022-01-10 13:48:11', 'A', NULL),
(3, 3, '2022-01-10 13:48:11', 'A', NULL),
(4, 4, '2022-01-10 13:48:11', 'A', NULL),
(5, 5, '2022-01-10 13:48:11', 'A', NULL),
(6, 6, '2022-01-10 13:48:11', 'A', NULL),
(7, 7, '2021-01-10 13:48:11', 'B', NULL),
(8, 8, '2021-01-10 13:48:11', 'A', NULL),
(9, 9, '2021-01-10 13:48:11', 'B', NULL),
(10, 10, '2021-01-10 13:48:11', 'A', NULL),
(11, 11, '2021-01-10 13:48:11', 'A', NULL),
(12, 12, '2021-01-10 13:48:11', 'A', NULL),
(13, 13, '2021-01-10 13:48:11', 'A', NULL),
(14, 14, '2020-01-10 13:48:11', 'B', NULL),
(15, 15, '2020-01-10 13:48:11', 'B', NULL),
(16, 16, '2020-01-10 13:48:11', 'A', NULL),
(17, 17, '2020-01-10 13:48:11', 'A', NULL),
(18, 18, '2020-01-10 13:48:11', 'A', NULL),
(19, 19, '2020-01-10 13:48:11', 'A', NULL),
(20, 20, '2019-01-10 13:48:11', 'A', NULL),
(21, 21, '2019-01-10 13:48:11', 'A', NULL),
(22, 22, '2019-01-10 13:48:11', 'A', NULL),
(23, 23, '2019-01-10 13:48:11', 'A', NULL),
(24, 24, '2019-01-10 13:48:11', 'A', NULL),
(25, 25, '2019-01-10 13:48:11', 'A', NULL),
(26, 26, '2019-01-10 13:48:11', 'A', NULL),
(27, 27, '2018-01-10 13:48:11', 'A', NULL),
(28, 28, '2018-01-10 13:48:11', 'A', NULL),
(29, 29, '2018-01-10 13:48:11', 'A', NULL),
(30, 30, '2018-01-10 13:48:11', 'A', NULL),
(31, 31, '2018-01-10 13:48:11', 'A', NULL),
(32, 32, '2018-01-10 13:48:11', 'A', NULL),
(33, 33, '2018-01-10 13:48:11', 'A', NULL),
(34, 34, '2017-01-10 13:48:11', 'A', NULL),
(35, 35, '2017-01-10 13:48:11', 'A', NULL),
(36, 36, '2017-01-10 13:48:11', 'A', NULL),
(37, 37, '2017-01-10 13:48:11', 'A', NULL),
(38, 38, '2017-01-10 13:48:11', 'A', NULL),
(39, 39, '2017-01-10 13:48:11', 'A', NULL),
(40, 40, '2017-01-10 13:48:11', 'A', NULL),
(41, 41, '2016-01-10 13:48:11', 'A', NULL),
(42, 42, '2016-01-10 13:48:11', 'A', NULL),
(43, 43, '2016-01-10 13:48:11', 'A', NULL),
(44, 44, '2016-01-10 13:48:11', 'A', NULL),
(45, 45, '2016-01-10 13:48:11', 'A', NULL),
(46, 46, '2016-01-10 13:48:11', 'A', NULL),
(47, 47, '2016-01-10 13:48:11', 'A', NULL),
(48, 48, '2015-01-10 13:48:11', 'A', NULL),
(49, 49, '2015-01-10 13:48:11', 'A', NULL),
(50, 50, '2015-01-10 13:48:11', 'A', NULL),
(51, 51, '2015-01-10 13:48:11', 'A', NULL),
(52, 52, '2015-01-10 13:48:11', 'A', NULL),
(53, 53, '2015-01-10 13:48:11', 'A', NULL),
(54, 54, '2015-01-10 13:48:11', 'A', NULL),
(55, 55, '2014-01-10 13:48:11', 'A', NULL),
(56, 56, '2014-01-10 13:48:11', 'A', NULL),
(57, 57, '2014-01-10 13:48:11', 'A', NULL),
(58, 58, '2014-01-10 13:48:11', 'A', NULL),
(59, 59, '2014-01-10 13:48:11', 'A', NULL),
(60, 60, '2014-01-10 13:48:11', 'A', NULL),
(61, 61, '2014-01-10 13:48:11', 'B', NULL),
(62, 62, '2013-01-10 13:48:11', 'A', NULL),
(63, 63, '2013-01-10 13:48:11', 'A', NULL),
(64, 64, '2013-01-10 13:48:11', 'B', NULL),
(65, 65, '2013-01-10 13:48:11', 'A', NULL),
(66, 66, '2013-01-10 13:48:11', 'A', NULL),
(67, 67, '2013-01-10 13:48:11', 'A', NULL),
(68, 68, '2013-01-10 13:48:11', 'A', NULL),
(69, 69, '2012-01-10 13:48:11', 'A', NULL),
(70, 70, '2012-01-10 13:48:11', 'A', NULL),
(71, 71, '2012-01-10 13:48:11', 'A', NULL),
(72, 72, '2012-01-10 13:48:11', 'A', NULL),
(73, 73, '2012-01-10 13:48:11', 'A', NULL),
(74, 74, '2012-01-10 13:48:11', 'A', NULL),
(75, 75, '2012-01-10 13:48:11', 'A', NULL),
(76, 76, '2011-01-10 13:48:11', 'A', NULL),
(77, 77, '2011-01-10 13:48:11', 'A', NULL),
(78, 78, '2011-01-10 13:48:11', 'A', NULL),
(79, 79, '2011-01-10 13:48:11', 'A', NULL),
(80, 80, '2011-01-10 13:48:11', 'A', NULL),
(81, 81, '2011-01-10 13:48:11', 'A', NULL),
(82, 82, '2011-01-10 13:48:11', 'A', NULL),
(83, 83, '2010-01-10 13:48:11', 'A', NULL),
(84, 84, '2010-01-10 13:48:11', 'A', NULL),
(85, 85, '2010-01-10 13:48:11', 'A', NULL),
(86, 86, '2010-01-10 13:48:11', 'A', NULL),
(87, 87, '2010-01-10 13:48:11', 'A', NULL),
(88, 88, '2010-01-10 13:48:11', 'A', NULL),
(89, 89, '2010-01-10 13:48:11', 'A', NULL);

-- --------------------------------------------------------

--
-- Struktura tabeli dla tabeli `kzu_problemy`
--

CREATE TABLE `kzu_problemy` (
  `Id_Karty` int(11) DEFAULT NULL,
  `Id_Problemu` int(11) NOT NULL,
  `Data` datetime DEFAULT NULL,
  `Rodzaj_Problemu` varchar(1000) COLLATE utf8_polish_ci DEFAULT NULL
) ENGINE=InnoDB DEFAULT CHARSET=utf8 COLLATE=utf8_polish_ci;

--
-- Zrzut danych tabeli `kzu_problemy`
--

INSERT INTO `kzu_problemy` (`Id_Karty`, `Id_Problemu`, `Data`, `Rodzaj_Problemu`) VALUES
(78, 1, '2022-01-10 10:40:54', 'Uczeń cierpi na depresję, która przeszkadza mu w nauce i życiu społecznym.');

-- --------------------------------------------------------

--
-- Struktura tabeli dla tabeli `kzu_skierowania`
--

CREATE TABLE `kzu_skierowania` (
  `Id_Karty` int(11) DEFAULT NULL,
  `Id_Skierowania` int(11) NOT NULL,
  `Data` datetime DEFAULT NULL,
  `Id_Lekarz` int(11) DEFAULT NULL
) ENGINE=InnoDB DEFAULT CHARSET=utf8 COLLATE=utf8_polish_ci;

-- --------------------------------------------------------

--
-- Struktura tabeli dla tabeli `kzu_sluch`
--

CREATE TABLE `kzu_sluch` (
  `Id_Karty` int(11) DEFAULT NULL,
  `Id_Badania` int(11) NOT NULL,
  `Data_Badania` datetime DEFAULT NULL,
  `Ucho_Prawe` varchar(1) COLLATE utf8_polish_ci DEFAULT NULL,
  `Ucho_Lewe` varchar(1) COLLATE utf8_polish_ci DEFAULT NULL,
  `Uwagi` varchar(250) COLLATE utf8_polish_ci NOT NULL
) ENGINE=InnoDB DEFAULT CHARSET=utf8 COLLATE=utf8_polish_ci;

--
-- Zrzut danych tabeli `kzu_sluch`
--

INSERT INTO `kzu_sluch` (`Id_Karty`, `Id_Badania`, `Data_Badania`, `Ucho_Prawe`, `Ucho_Lewe`, `Uwagi`) VALUES
(1, 1, '2022-01-10 13:48:11', '-', '-', ''),
(2, 2, '2022-01-10 13:48:11', '-', '-', ''),
(3, 3, '2022-01-10 13:48:11', '-', '-', ''),
(4, 4, '2022-01-10 13:48:11', '-', '-', ''),
(5, 5, '2022-01-10 13:48:11', '-', '-', ''),
(6, 6, '2022-01-10 13:48:11', '-', '-', ''),
(7, 7, '2021-01-10 13:48:11', '-', '-', ''),
(8, 8, '2021-01-10 13:48:11', '-', '-', ''),
(9, 9, '2021-01-10 13:48:11', '-', '-', ''),
(10, 10, '2021-01-10 13:48:11', '-', '-', ''),
(11, 11, '2021-01-10 13:48:11', '-', '-', ''),
(12, 12, '2021-01-10 13:48:11', '-', '-', ''),
(13, 13, '2021-01-10 13:48:11', '-', '-', ''),
(14, 14, '2020-01-10 13:48:11', '-', '-', ''),
(15, 15, '2020-01-10 13:48:11', '-', '-', ''),
(16, 16, '2020-01-10 13:48:11', '-', '-', ''),
(17, 17, '2020-01-10 13:48:11', '-', '-', ''),
(18, 18, '2020-01-10 13:48:11', '-', '-', ''),
(19, 19, '2020-01-10 13:48:11', '-', '-', ''),
(20, 20, '2019-01-10 13:48:11', '-', '-', ''),
(21, 21, '2019-01-10 13:48:11', '-', '-', ''),
(22, 22, '2019-01-10 13:48:11', '-', '-', ''),
(23, 23, '2019-01-10 13:48:11', '-', '-', ''),
(24, 24, '2019-01-10 13:48:11', '-', '-', ''),
(25, 25, '2019-01-10 13:48:11', '-', '-', ''),
(26, 26, '2019-01-10 13:48:11', '-', '-', ''),
(27, 27, '2018-01-10 13:48:11', '-', '-', ''),
(28, 28, '2018-01-10 13:48:11', '-', '-', ''),
(29, 29, '2018-01-10 13:48:11', '-', '-', ''),
(30, 30, '2018-01-10 13:48:11', '-', '-', ''),
(31, 31, '2018-01-10 13:48:11', '-', '-', ''),
(32, 32, '2018-01-10 13:48:11', '-', '-', ''),
(33, 33, '2018-01-10 13:48:11', '-', '-', ''),
(34, 34, '2017-01-10 13:48:11', '-', '-', ''),
(35, 35, '2017-01-10 13:48:11', '-', '-', ''),
(36, 36, '2017-01-10 13:48:11', '-', '-', ''),
(37, 37, '2017-01-10 13:48:11', '-', '-', ''),
(38, 38, '2017-01-10 13:48:11', '-', '-', ''),
(39, 39, '2017-01-10 13:48:11', '-', '-', ''),
(40, 40, '2017-01-10 13:48:11', '-', '-', ''),
(41, 41, '2016-01-10 13:48:11', '-', '-', ''),
(42, 42, '2016-01-10 13:48:11', '-', '-', ''),
(43, 43, '2016-01-10 13:48:11', '-', '-', ''),
(44, 44, '2016-01-10 13:48:11', '-', '-', ''),
(45, 45, '2016-01-10 13:48:11', '-', '-', ''),
(46, 46, '2016-01-10 13:48:11', '-', '-', ''),
(47, 47, '2016-01-10 13:48:11', '-', '-', ''),
(48, 48, '2015-01-10 13:48:11', '-', '-', ''),
(48, 49, '2022-01-10 13:48:11', '-', '-', ''),
(49, 50, '2015-01-10 13:48:11', '-', '-', ''),
(49, 51, '2022-01-10 13:48:11', '-', '-', ''),
(50, 52, '2015-01-10 13:48:11', '-', '-', ''),
(50, 53, '2022-01-10 13:48:11', '-', '-', ''),
(51, 54, '2015-01-10 13:48:11', '-', '-', ''),
(51, 55, '2022-01-10 13:48:11', '-', '-', ''),
(52, 56, '2015-01-10 13:48:11', '-', '-', ''),
(52, 57, '2022-01-10 13:48:11', '-', '-', ''),
(53, 58, '2015-01-10 13:48:11', '-', '-', ''),
(53, 59, '2022-01-10 13:48:11', '-', '-', ''),
(54, 60, '2015-01-10 13:48:11', '-', '-', ''),
(54, 61, '2022-01-10 13:48:11', '-', '-', ''),
(55, 62, '2014-01-10 13:48:11', '-', '-', ''),
(55, 63, '2021-01-10 13:48:11', '-', '-', ''),
(56, 64, '2014-01-10 13:48:11', '-', '-', ''),
(56, 65, '2021-01-10 13:48:11', '-', '-', ''),
(57, 66, '2014-01-10 13:48:11', '-', '-', ''),
(57, 67, '2021-01-10 13:48:11', '-', '-', ''),
(58, 68, '2014-01-10 13:48:11', '-', '-', ''),
(58, 69, '2021-01-10 13:48:11', '-', '-', ''),
(59, 70, '2014-01-10 13:48:11', '-', '-', ''),
(59, 71, '2021-01-10 13:48:11', '-', '-', ''),
(60, 72, '2014-01-10 13:48:11', '-', '-', ''),
(60, 73, '2021-01-10 13:48:11', '-', '-', ''),
(61, 74, '2014-01-10 13:48:11', '-', '-', ''),
(61, 75, '2021-01-10 13:48:11', '-', '-', ''),
(62, 76, '2013-01-10 13:48:11', '-', '-', ''),
(62, 77, '2020-01-10 13:48:11', '-', '-', ''),
(63, 78, '2013-01-10 13:48:11', '-', '-', ''),
(63, 79, '2020-01-10 13:48:11', '-', '-', ''),
(64, 80, '2013-01-10 13:48:11', '-', '-', ''),
(64, 81, '2020-01-10 13:48:11', '-', '-', ''),
(65, 82, '2013-01-10 13:48:11', '-', '-', ''),
(65, 83, '2020-01-10 13:48:11', '-', '-', ''),
(66, 84, '2013-01-10 13:48:11', '-', '-', ''),
(66, 85, '2020-01-10 13:48:11', '-', '-', ''),
(67, 86, '2013-01-10 13:48:11', '-', '-', ''),
(67, 87, '2020-01-10 13:48:11', '-', '-', ''),
(68, 88, '2013-01-10 13:48:11', '-', '-', ''),
(68, 89, '2020-01-10 13:48:11', '-', '-', ''),
(69, 90, '2012-01-10 13:48:11', '-', '-', ''),
(69, 91, '2019-01-10 13:48:11', '-', '-', ''),
(70, 92, '2012-01-10 13:48:11', '-', '-', ''),
(70, 93, '2019-01-10 13:48:11', '-', '-', ''),
(71, 94, '2012-01-10 13:48:11', '-', '-', ''),
(71, 95, '2019-01-10 13:48:11', '-', '-', ''),
(72, 96, '2012-01-10 13:48:11', '-', '-', ''),
(72, 97, '2019-01-10 13:48:11', '-', '-', ''),
(73, 98, '2012-01-10 13:48:11', '-', '-', ''),
(73, 99, '2019-01-10 13:48:11', '-', '-', ''),
(74, 100, '2012-01-10 13:48:11', '-', '-', ''),
(74, 101, '2019-01-10 13:48:11', '-', '-', ''),
(75, 102, '2012-01-10 13:48:11', '-', '-', ''),
(75, 103, '2019-01-10 13:48:11', '-', '-', ''),
(76, 104, '2011-01-10 13:48:11', '-', '-', ''),
(76, 105, '2018-01-10 13:48:11', '-', '-', ''),
(77, 106, '2011-01-10 13:48:11', '-', '-', ''),
(77, 107, '2018-01-10 13:48:11', '-', '-', ''),
(78, 108, '2011-01-10 13:48:11', '-', '-', ''),
(78, 109, '2018-01-10 13:48:11', '-', '-', ''),
(79, 110, '2011-01-10 13:48:11', '-', '-', ''),
(79, 111, '2018-01-10 13:48:11', '-', '-', ''),
(80, 112, '2011-01-10 13:48:11', '-', '-', ''),
(80, 113, '2018-01-10 13:48:11', '-', '-', ''),
(81, 114, '2011-01-10 13:48:11', '-', '-', ''),
(81, 115, '2018-01-10 13:48:11', '-', '-', ''),
(82, 116, '2011-01-10 13:48:11', '-', '-', ''),
(82, 117, '2018-01-10 13:48:11', '-', '-', ''),
(83, 118, '2010-01-10 13:48:11', '-', '-', ''),
(83, 119, '2018-01-10 13:48:11', '-', '-', ''),
(84, 120, '2010-01-10 13:48:11', '-', '-', ''),
(84, 121, '2018-01-10 13:48:11', '-', '-', ''),
(85, 122, '2010-01-10 13:48:11', '-', '-', ''),
(85, 123, '2018-01-10 13:48:11', '-', '-', ''),
(86, 124, '2010-01-10 13:48:11', '-', '-', ''),
(86, 125, '2018-01-10 13:48:11', '-', '-', ''),
(87, 126, '2010-01-10 13:48:11', '-', '-', ''),
(87, 127, '2018-01-10 13:48:11', '-', '-', ''),
(88, 128, '2010-01-10 13:48:11', '-', '-', ''),
(88, 129, '2018-01-10 13:48:11', '-', '-', ''),
(89, 130, '2010-01-10 13:48:11', '-', '-', ''),
(89, 131, '2018-01-10 13:48:11', '-', '-', '');

-- --------------------------------------------------------

--
-- Struktura tabeli dla tabeli `kzu_testy_do_wykrycia`
--

CREATE TABLE `kzu_testy_do_wykrycia` (
  `Id_Karty` int(11) DEFAULT NULL,
  `Id_Badania` int(11) NOT NULL,
  `Data_Badania` datetime NOT NULL,
  `Skolioza` tinyint(1) DEFAULT NULL,
  `Klifoza_Piersiowa` tinyint(1) DEFAULT NULL,
  `Koslawosc_Kolan` tinyint(1) DEFAULT NULL,
  `Stopy_Plaskokoslawe` tinyint(1) DEFAULT NULL,
  `Uwagi` varchar(250) COLLATE utf8_polish_ci DEFAULT NULL
) ENGINE=InnoDB DEFAULT CHARSET=utf8 COLLATE=utf8_polish_ci;

--
-- Zrzut danych tabeli `kzu_testy_do_wykrycia`
--

INSERT INTO `kzu_testy_do_wykrycia` (`Id_Karty`, `Id_Badania`, `Data_Badania`, `Skolioza`, `Klifoza_Piersiowa`, `Koslawosc_Kolan`, `Stopy_Plaskokoslawe`, `Uwagi`) VALUES
(1, 1, '2022-01-10 13:48:11', 0, NULL, 0, 0, NULL),
(2, 2, '2022-01-10 13:48:11', 0, NULL, 0, 0, NULL),
(3, 3, '2022-01-10 13:48:11', 0, NULL, 0, 0, NULL),
(4, 4, '2022-01-10 13:48:11', 0, NULL, 0, 0, NULL),
(5, 5, '2022-01-10 13:48:11', 0, NULL, 0, 0, NULL),
(6, 6, '2022-01-10 13:48:11', 0, NULL, 0, 0, NULL),
(7, 7, '2021-01-10 13:42:34', 0, NULL, 0, 0, NULL),
(8, 8, '2021-01-10 13:42:34', 0, NULL, 0, 0, NULL),
(9, 9, '2021-01-10 13:42:34', 0, NULL, 0, 0, NULL),
(10, 10, '2021-01-10 13:42:34', 0, NULL, 0, 0, NULL),
(11, 11, '2021-01-10 13:42:34', 0, NULL, 0, 0, NULL),
(12, 12, '2021-01-10 13:42:34', 0, NULL, 0, 0, NULL),
(13, 13, '2021-01-10 13:42:34', 0, NULL, 0, 0, NULL),
(14, 14, '2020-01-10 13:48:11', 0, NULL, 0, 0, NULL),
(15, 15, '2020-01-10 13:48:11', 0, NULL, 0, 0, NULL),
(16, 16, '2020-01-10 13:48:11', 0, NULL, 0, 0, NULL),
(17, 17, '2020-01-10 13:48:11', 0, NULL, 0, 0, NULL),
(18, 18, '2020-01-10 13:48:11', 0, NULL, 0, 0, NULL),
(19, 19, '2020-01-10 13:48:11', 0, NULL, 0, 0, NULL),
(20, 20, '2019-01-10 13:48:11', 0, NULL, 0, 0, NULL),
(20, 21, '2022-01-10 14:12:17', 0, NULL, NULL, NULL, NULL),
(21, 22, '2019-01-10 13:48:11', 0, NULL, 0, 0, NULL),
(21, 23, '2022-01-10 14:12:17', 0, NULL, NULL, NULL, NULL),
(22, 24, '2019-01-10 13:48:11', 0, NULL, 0, 0, NULL),
(22, 25, '2022-01-10 14:12:17', 0, NULL, NULL, NULL, NULL),
(23, 26, '2019-01-10 13:48:11', 0, NULL, 0, 0, NULL),
(23, 27, '2022-01-10 14:12:17', 0, NULL, NULL, NULL, NULL),
(24, 28, '2019-01-10 13:48:11', 0, NULL, 0, 0, NULL),
(24, 29, '2022-01-10 14:12:17', 0, NULL, NULL, NULL, NULL),
(25, 30, '2019-01-10 13:48:11', 0, NULL, 0, 0, NULL),
(25, 31, '2022-01-10 14:12:17', 0, NULL, NULL, NULL, NULL),
(26, 32, '2019-01-10 13:48:11', 0, NULL, 0, 0, NULL),
(26, 33, '2022-01-10 14:12:17', 0, NULL, NULL, NULL, NULL),
(27, 34, '2018-01-10 13:48:11', 0, NULL, 0, 0, NULL),
(27, 35, '2021-01-10 14:12:17', 0, NULL, NULL, NULL, NULL),
(28, 36, '2018-01-10 13:48:11', 0, NULL, 0, 0, NULL),
(28, 37, '2021-01-10 14:12:17', 0, NULL, NULL, NULL, NULL),
(29, 38, '2018-01-10 13:48:11', 0, NULL, 0, 0, NULL),
(29, 39, '2021-01-10 14:12:17', 0, NULL, NULL, NULL, NULL),
(30, 40, '2018-01-10 13:48:11', 0, NULL, 0, 0, NULL),
(30, 41, '2021-01-10 14:12:17', 0, NULL, NULL, NULL, NULL),
(31, 42, '2018-01-10 13:48:11', 0, NULL, 0, 0, NULL),
(31, 43, '2021-01-10 14:12:17', 0, NULL, NULL, NULL, NULL),
(32, 44, '2018-01-10 13:48:11', 0, NULL, 0, 0, NULL),
(32, 45, '2021-01-10 14:12:17', 0, NULL, NULL, NULL, NULL),
(33, 46, '2018-01-10 13:48:11', 0, NULL, 0, 0, NULL),
(33, 47, '2021-01-10 14:12:17', 0, NULL, NULL, NULL, NULL),
(34, 48, '2017-01-10 13:48:11', 0, NULL, 0, 0, NULL),
(34, 49, '2020-01-10 14:12:17', 0, NULL, NULL, NULL, NULL),
(34, 50, '2022-01-10 14:12:17', 0, NULL, NULL, NULL, NULL),
(35, 51, '2017-01-10 13:48:11', 0, NULL, 0, 0, NULL),
(35, 52, '2020-01-10 14:12:17', 0, NULL, NULL, NULL, NULL),
(35, 53, '2022-01-10 14:12:17', 0, NULL, NULL, NULL, NULL),
(36, 54, '2017-01-10 13:48:11', 0, NULL, 0, 0, NULL),
(36, 55, '2020-01-10 14:12:17', 0, NULL, NULL, NULL, NULL),
(36, 56, '2022-01-10 14:12:17', 0, NULL, NULL, NULL, NULL),
(37, 57, '2017-01-10 13:48:11', 0, NULL, 0, 0, NULL),
(37, 58, '2020-01-10 14:12:17', 0, NULL, NULL, NULL, NULL),
(37, 59, '2022-01-10 14:12:17', 0, NULL, NULL, NULL, NULL),
(38, 60, '2017-01-10 13:48:11', 0, NULL, 0, 0, NULL),
(38, 61, '2020-01-10 14:12:17', 0, NULL, NULL, NULL, NULL),
(38, 62, '2022-01-10 14:12:17', 0, NULL, NULL, NULL, NULL),
(39, 63, '2017-01-10 13:48:11', 0, NULL, 0, 0, NULL),
(39, 64, '2020-01-10 14:12:17', 0, NULL, NULL, NULL, NULL),
(39, 65, '2022-01-10 14:12:17', 0, NULL, NULL, NULL, NULL),
(40, 66, '2017-01-10 13:48:11', 0, NULL, 0, 0, NULL),
(40, 67, '2020-01-10 14:12:17', 0, NULL, NULL, NULL, NULL),
(40, 68, '2022-01-10 14:12:17', 0, NULL, NULL, NULL, NULL),
(41, 69, '2016-01-10 13:48:11', 0, NULL, 0, 0, NULL),
(41, 70, '2019-01-10 14:12:17', 0, NULL, NULL, NULL, NULL),
(41, 71, '2021-01-10 14:12:17', 0, NULL, NULL, NULL, NULL),
(42, 72, '2016-01-10 13:48:11', 0, NULL, 0, 0, NULL),
(42, 73, '2019-01-10 14:12:17', 0, NULL, NULL, NULL, NULL),
(42, 74, '2021-01-10 14:12:17', 0, NULL, NULL, NULL, NULL),
(43, 75, '2016-01-10 13:48:11', 0, NULL, 0, 0, NULL),
(43, 76, '2019-01-10 14:12:17', 0, NULL, NULL, NULL, NULL),
(43, 77, '2021-01-10 14:12:17', 0, NULL, NULL, NULL, NULL),
(44, 78, '2016-01-10 13:48:11', 0, NULL, 0, 0, NULL),
(44, 79, '2019-01-10 14:12:17', 0, NULL, NULL, NULL, NULL),
(44, 80, '2021-01-10 14:12:17', 0, NULL, NULL, NULL, NULL),
(45, 81, '2016-01-10 13:48:11', 0, NULL, 0, 0, NULL),
(45, 82, '2019-01-10 14:12:17', 0, NULL, NULL, NULL, NULL),
(45, 83, '2021-01-10 14:12:17', 0, NULL, NULL, NULL, NULL),
(46, 84, '2016-01-10 13:48:11', 0, NULL, 0, 0, NULL),
(46, 85, '2019-01-10 14:12:17', 0, NULL, NULL, NULL, NULL),
(46, 86, '2021-01-10 14:12:17', 0, NULL, NULL, NULL, NULL),
(47, 87, '2016-01-10 13:48:11', 0, NULL, 0, 0, NULL),
(47, 88, '2019-01-10 14:12:17', 0, NULL, NULL, NULL, NULL),
(47, 89, '2021-01-10 14:12:17', 0, NULL, NULL, NULL, NULL),
(48, 90, '2015-01-10 13:48:11', 0, NULL, 0, 0, NULL),
(48, 91, '2018-01-10 14:12:17', 0, NULL, NULL, NULL, NULL),
(48, 92, '2020-01-10 14:12:17', 0, NULL, NULL, NULL, NULL),
(48, 93, '2022-01-10 13:48:11', 0, 0, NULL, NULL, NULL),
(49, 94, '2015-01-10 13:48:11', 0, NULL, 0, 0, NULL),
(49, 95, '2018-01-10 14:12:17', 0, NULL, NULL, NULL, NULL),
(49, 96, '2020-01-10 14:12:17', 0, NULL, NULL, NULL, NULL),
(49, 97, '2022-01-10 13:48:11', 0, 0, NULL, NULL, NULL),
(50, 98, '2015-01-10 13:48:11', 0, NULL, 0, 0, NULL),
(50, 99, '2018-01-10 14:12:17', 0, NULL, NULL, NULL, NULL),
(50, 100, '2020-01-10 14:12:17', 0, NULL, NULL, NULL, NULL),
(50, 101, '2022-01-10 13:48:11', 0, 0, NULL, NULL, NULL),
(51, 102, '2015-01-10 13:48:11', 0, NULL, 0, 0, NULL),
(51, 103, '2018-01-10 14:12:17', 0, NULL, NULL, NULL, NULL),
(51, 104, '2020-01-10 14:12:17', 0, NULL, NULL, NULL, NULL),
(51, 105, '2022-01-10 13:48:11', 0, 0, NULL, NULL, NULL),
(52, 106, '2015-01-10 13:48:11', 0, NULL, 0, 0, NULL),
(52, 107, '2018-01-10 14:12:17', 0, NULL, NULL, NULL, NULL),
(52, 108, '2020-01-10 14:12:17', 0, NULL, NULL, NULL, NULL),
(52, 109, '2022-01-10 13:48:11', 0, 0, NULL, NULL, NULL),
(53, 110, '2015-01-10 13:48:11', 0, NULL, 0, 0, NULL),
(53, 111, '2018-01-10 14:12:17', 0, NULL, NULL, NULL, NULL),
(53, 112, '2020-01-10 14:12:17', 0, NULL, NULL, NULL, NULL),
(53, 113, '2022-01-10 13:48:11', 0, 0, NULL, NULL, NULL),
(54, 114, '2015-01-10 13:48:11', 0, NULL, 0, 0, NULL),
(54, 115, '2018-01-10 14:12:17', 0, NULL, NULL, NULL, NULL),
(54, 116, '2020-01-10 14:12:17', 0, NULL, NULL, NULL, NULL),
(54, 117, '2022-01-10 13:48:11', 0, 0, NULL, NULL, NULL),
(55, 118, '2014-01-10 13:48:11', 0, NULL, 0, 0, NULL),
(55, 119, '2017-01-10 14:12:17', 0, NULL, NULL, NULL, NULL),
(55, 120, '2019-01-10 14:12:17', 0, NULL, NULL, NULL, NULL),
(55, 121, '2021-01-10 13:48:11', 0, 0, NULL, NULL, NULL),
(56, 122, '2014-01-10 13:48:11', 0, NULL, 0, 0, NULL),
(56, 123, '2017-01-10 14:12:17', 0, NULL, NULL, NULL, NULL),
(56, 124, '2019-01-10 14:12:17', 0, NULL, NULL, NULL, NULL),
(56, 125, '2021-01-10 13:48:11', 0, 0, NULL, NULL, NULL),
(57, 126, '2014-01-10 13:48:11', 0, NULL, 0, 0, NULL),
(57, 127, '2017-01-10 14:12:17', 0, NULL, NULL, NULL, NULL),
(57, 128, '2019-01-10 14:12:17', 0, NULL, NULL, NULL, NULL),
(57, 129, '2021-01-10 13:48:11', 0, 0, NULL, NULL, NULL),
(58, 130, '2014-01-10 13:48:11', 0, NULL, 0, 0, NULL),
(58, 131, '2017-01-10 14:12:17', 0, NULL, NULL, NULL, NULL),
(58, 132, '2019-01-10 14:12:17', 0, NULL, NULL, NULL, NULL),
(58, 133, '2021-01-10 13:48:11', 0, 0, NULL, NULL, NULL),
(59, 134, '2014-01-10 13:48:11', 0, NULL, 0, 0, NULL),
(59, 135, '2017-01-10 14:12:17', 0, NULL, NULL, NULL, NULL),
(59, 136, '2019-01-10 14:12:17', 0, NULL, NULL, NULL, NULL),
(59, 137, '2021-01-10 13:48:11', 0, 0, NULL, NULL, NULL),
(60, 138, '2014-01-10 13:48:11', 0, NULL, 0, 0, NULL),
(60, 139, '2017-01-10 14:12:17', 0, NULL, NULL, NULL, NULL),
(60, 140, '2019-01-10 14:12:17', 0, NULL, NULL, NULL, NULL),
(60, 141, '2021-01-10 13:48:11', 0, 0, NULL, NULL, NULL),
(61, 142, '2014-01-10 13:48:11', 0, NULL, 0, 0, NULL),
(61, 143, '2017-01-10 14:12:17', 0, NULL, NULL, NULL, NULL),
(61, 144, '2019-01-10 14:12:17', 0, NULL, NULL, NULL, NULL),
(61, 145, '2021-01-10 13:48:11', 0, 0, NULL, NULL, NULL),
(62, 146, '2013-01-10 13:48:11', 0, NULL, 0, 0, NULL),
(62, 147, '2016-01-10 14:12:17', 0, NULL, NULL, NULL, NULL),
(62, 148, '2018-01-10 14:12:17', 0, NULL, NULL, NULL, NULL),
(62, 149, '2020-01-10 13:48:11', 0, 0, NULL, NULL, NULL),
(62, 150, '2022-01-10 11:48:11', 0, 0, NULL, NULL, NULL),
(63, 151, '2013-01-10 13:48:11', 0, NULL, 0, 0, NULL),
(63, 152, '2016-01-10 14:12:17', 0, NULL, NULL, NULL, NULL),
(63, 153, '2018-01-10 14:12:17', 0, NULL, NULL, NULL, NULL),
(63, 154, '2020-01-10 13:48:11', 0, 0, NULL, NULL, NULL),
(63, 155, '2022-01-10 11:48:11', 0, 0, NULL, NULL, NULL),
(64, 156, '2013-01-10 13:48:11', 0, NULL, 0, 0, NULL),
(64, 157, '2016-01-10 14:12:17', 0, NULL, NULL, NULL, NULL),
(64, 158, '2018-01-10 14:12:17', 0, NULL, NULL, NULL, NULL),
(64, 159, '2020-01-10 13:48:11', 0, 0, NULL, NULL, NULL),
(64, 160, '2022-01-10 11:48:11', 0, 0, NULL, NULL, NULL),
(65, 161, '2013-01-10 13:48:11', 0, NULL, 0, 0, NULL),
(65, 162, '2016-01-10 14:12:17', 0, NULL, NULL, NULL, NULL),
(65, 163, '2018-01-10 14:12:17', 0, NULL, NULL, NULL, NULL),
(65, 164, '2020-01-10 13:48:11', 0, 0, NULL, NULL, NULL),
(65, 165, '2022-01-10 11:48:11', 0, 0, NULL, NULL, NULL),
(66, 166, '2013-01-10 13:48:11', 0, NULL, 0, 0, NULL),
(66, 167, '2016-01-10 14:12:17', 0, NULL, NULL, NULL, NULL),
(66, 168, '2018-01-10 14:12:17', 0, NULL, NULL, NULL, NULL),
(66, 169, '2020-01-10 13:48:11', 0, 0, NULL, NULL, NULL),
(66, 170, '2022-01-10 11:48:11', 0, 0, NULL, NULL, NULL),
(67, 171, '2013-01-10 13:48:11', 0, NULL, 0, 0, NULL),
(67, 172, '2016-01-10 14:12:17', 0, NULL, NULL, NULL, NULL),
(67, 173, '2018-01-10 14:12:17', 0, NULL, NULL, NULL, NULL),
(67, 174, '2020-01-10 13:48:11', 0, 0, NULL, NULL, NULL),
(67, 175, '2022-01-10 11:48:11', 0, 0, NULL, NULL, NULL),
(68, 176, '2013-01-10 13:48:11', 0, NULL, 0, 0, NULL),
(68, 177, '2016-01-10 14:12:17', 0, NULL, NULL, NULL, NULL),
(68, 178, '2018-01-10 14:12:17', 0, NULL, NULL, NULL, NULL),
(68, 179, '2020-01-10 13:48:11', 0, 0, NULL, NULL, NULL),
(68, 180, '2022-01-10 11:48:11', 0, 0, NULL, NULL, NULL),
(69, 181, '2012-01-10 13:48:11', 0, NULL, 0, 0, NULL),
(69, 182, '2015-01-10 14:12:17', 0, NULL, NULL, NULL, NULL),
(69, 183, '2017-01-10 14:12:17', 0, NULL, NULL, NULL, NULL),
(69, 184, '2019-01-10 13:48:11', 0, 0, NULL, NULL, NULL),
(69, 185, '2021-01-10 11:48:11', 0, 0, NULL, NULL, NULL),
(70, 186, '2012-01-10 13:48:11', 0, NULL, 0, 0, NULL),
(70, 187, '2015-01-10 14:12:17', 0, NULL, NULL, NULL, NULL),
(70, 188, '2017-01-10 14:12:17', 0, NULL, NULL, NULL, NULL),
(70, 189, '2019-01-10 13:48:11', 0, 0, NULL, NULL, NULL),
(70, 190, '2021-01-10 11:48:11', 0, 0, NULL, NULL, NULL),
(71, 191, '2012-01-10 13:48:11', 0, NULL, 0, 0, NULL),
(71, 192, '2015-01-10 14:12:17', 0, NULL, NULL, NULL, NULL),
(71, 193, '2017-01-10 14:12:17', 0, NULL, NULL, NULL, NULL),
(71, 194, '2019-01-10 13:48:11', 0, 0, NULL, NULL, NULL),
(71, 195, '2021-01-10 11:48:11', 0, 0, NULL, NULL, NULL),
(72, 196, '2012-01-10 13:48:11', 0, NULL, 0, 0, NULL),
(72, 197, '2015-01-10 14:12:17', 0, NULL, NULL, NULL, NULL),
(72, 198, '2017-01-10 14:12:17', 0, NULL, NULL, NULL, NULL),
(72, 199, '2019-01-10 13:48:11', 0, 0, NULL, NULL, NULL),
(72, 200, '2021-01-10 11:48:11', 0, 0, NULL, NULL, NULL),
(73, 201, '2012-01-10 13:48:11', 0, NULL, 0, 0, NULL),
(73, 202, '2015-01-10 14:12:17', 0, NULL, NULL, NULL, NULL),
(73, 203, '2017-01-10 14:12:17', 0, NULL, NULL, NULL, NULL),
(73, 204, '2019-01-10 13:48:11', 0, 0, NULL, NULL, NULL),
(73, 205, '2021-01-10 11:48:11', 0, 0, NULL, NULL, NULL),
(74, 206, '2012-01-10 13:48:11', 0, NULL, 0, 0, NULL),
(74, 207, '2015-01-10 14:12:17', 0, NULL, NULL, NULL, NULL),
(74, 208, '2017-01-10 14:12:17', 0, NULL, NULL, NULL, NULL),
(74, 209, '2019-01-10 13:48:11', 0, 0, NULL, NULL, NULL),
(74, 210, '2021-01-10 11:48:11', 0, 0, NULL, NULL, NULL),
(75, 211, '2012-01-10 13:48:11', 0, NULL, 0, 0, NULL),
(75, 212, '2015-01-10 14:12:17', 0, NULL, NULL, NULL, NULL),
(75, 213, '2017-01-10 14:12:17', 0, NULL, NULL, NULL, NULL),
(75, 214, '2019-01-10 13:48:11', 0, 0, NULL, NULL, NULL),
(75, 215, '2021-01-10 11:48:11', 0, 0, NULL, NULL, NULL),
(76, 216, '2011-01-10 13:48:11', 0, NULL, 0, 0, NULL),
(76, 217, '2014-01-10 14:12:17', 0, NULL, NULL, NULL, NULL),
(76, 218, '2016-01-10 14:12:17', 0, NULL, NULL, NULL, NULL),
(76, 219, '2018-01-10 13:48:11', 0, 0, NULL, NULL, NULL),
(76, 220, '2020-01-10 11:48:11', 0, 0, NULL, NULL, NULL),
(77, 221, '2011-01-10 13:48:11', 0, NULL, 0, 0, NULL),
(77, 222, '2014-01-10 14:12:17', 0, NULL, NULL, NULL, NULL),
(77, 223, '2016-01-10 14:12:17', 0, NULL, NULL, NULL, NULL),
(77, 224, '2018-01-10 13:48:11', 0, 0, NULL, NULL, NULL),
(77, 225, '2020-01-10 11:48:11', 0, 0, NULL, NULL, NULL),
(78, 226, '2011-01-10 13:48:11', 0, NULL, 0, 0, NULL),
(78, 227, '2014-01-10 14:12:17', 0, NULL, NULL, NULL, NULL),
(78, 228, '2016-01-10 14:12:17', 0, NULL, NULL, NULL, NULL),
(78, 229, '2018-01-10 13:48:11', 0, 0, NULL, NULL, NULL),
(78, 230, '2020-01-10 11:48:11', 0, 0, NULL, NULL, NULL),
(79, 231, '2011-01-10 13:48:11', 0, NULL, 0, 0, NULL),
(79, 232, '2014-01-10 14:12:17', 0, NULL, NULL, NULL, NULL),
(79, 233, '2016-01-10 14:12:17', 0, NULL, NULL, NULL, NULL),
(79, 234, '2018-01-10 13:48:11', 0, 0, NULL, NULL, NULL),
(79, 235, '2020-01-10 11:48:11', 0, 0, NULL, NULL, NULL),
(80, 236, '2011-01-10 13:48:11', 0, NULL, 0, 0, NULL),
(80, 237, '2014-01-10 14:12:17', 0, NULL, NULL, NULL, NULL),
(80, 238, '2016-01-10 14:12:17', 0, NULL, NULL, NULL, NULL),
(80, 239, '2018-01-10 13:48:11', 0, 0, NULL, NULL, NULL),
(80, 240, '2020-01-10 11:48:11', 0, 0, NULL, NULL, NULL),
(81, 241, '2011-01-10 13:48:11', 0, NULL, 0, 0, NULL),
(81, 242, '2014-01-10 14:12:17', 0, NULL, NULL, NULL, NULL),
(81, 243, '2016-01-10 14:12:17', 0, NULL, NULL, NULL, NULL),
(81, 244, '2018-01-10 13:48:11', 0, 0, NULL, NULL, NULL),
(81, 245, '2020-01-10 11:48:11', 0, 0, NULL, NULL, NULL),
(82, 246, '2011-01-10 13:48:11', 0, NULL, 0, 0, NULL),
(82, 247, '2014-01-10 14:12:17', 0, NULL, NULL, NULL, NULL),
(82, 248, '2016-01-10 14:12:17', 0, NULL, NULL, NULL, NULL),
(82, 249, '2018-01-10 13:48:11', 0, 0, NULL, NULL, NULL),
(82, 250, '2020-01-10 11:48:11', 0, 0, NULL, NULL, NULL),
(83, 251, '2010-01-10 13:48:11', 0, NULL, 0, 0, NULL),
(83, 252, '2013-01-10 14:12:17', 0, NULL, NULL, NULL, NULL),
(83, 253, '2015-01-10 14:12:17', 0, NULL, NULL, NULL, NULL),
(83, 254, '2017-01-10 13:48:11', 0, 0, NULL, NULL, NULL),
(83, 255, '2019-01-10 11:48:11', 0, 0, NULL, NULL, NULL),
(84, 256, '2010-01-10 13:48:11', 0, NULL, 0, 0, NULL),
(84, 257, '2013-01-10 14:12:17', 0, NULL, NULL, NULL, NULL),
(84, 258, '2015-01-10 14:12:17', 0, NULL, NULL, NULL, NULL),
(84, 259, '2017-01-10 13:48:11', 0, 0, NULL, NULL, NULL),
(84, 260, '2019-01-10 11:48:11', 0, 0, NULL, NULL, NULL),
(85, 261, '2010-01-10 13:48:11', 0, NULL, 0, 0, NULL),
(85, 262, '2013-01-10 14:12:17', 0, NULL, NULL, NULL, NULL),
(85, 263, '2015-01-10 14:12:17', 0, NULL, NULL, NULL, NULL),
(85, 264, '2017-01-10 13:48:11', 0, 0, NULL, NULL, NULL),
(85, 265, '2019-01-10 11:48:11', 0, 0, NULL, NULL, NULL),
(86, 266, '2010-01-10 13:48:11', 0, NULL, 0, 0, NULL),
(86, 267, '2013-01-10 14:12:17', 0, NULL, NULL, NULL, NULL),
(86, 268, '2015-01-10 14:12:17', 0, NULL, NULL, NULL, NULL),
(86, 269, '2017-01-10 13:48:11', 0, 0, NULL, NULL, NULL),
(86, 270, '2019-01-10 11:48:11', 0, 0, NULL, NULL, NULL),
(87, 271, '2010-01-10 13:48:11', 0, NULL, 0, 0, NULL),
(87, 272, '2013-01-10 14:12:17', 0, NULL, NULL, NULL, NULL),
(87, 273, '2015-01-10 14:12:17', 0, NULL, NULL, NULL, NULL),
(87, 274, '2017-01-10 13:48:11', 0, 0, NULL, NULL, NULL),
(87, 275, '2019-01-10 11:48:11', 0, 0, NULL, NULL, NULL),
(88, 276, '2010-01-10 13:48:11', 0, NULL, 0, 0, NULL),
(88, 277, '2013-01-10 14:12:17', 0, NULL, NULL, NULL, NULL),
(88, 278, '2015-01-10 14:12:17', 0, NULL, NULL, NULL, NULL),
(88, 279, '2017-01-10 13:48:11', 0, 0, NULL, NULL, NULL),
(88, 280, '2019-01-10 11:48:11', 0, 0, NULL, NULL, NULL),
(89, 281, '2010-01-10 13:48:11', 0, NULL, 0, 0, NULL),
(89, 282, '2013-01-10 14:12:17', 0, NULL, NULL, NULL, NULL),
(89, 283, '2015-01-10 14:12:17', 0, NULL, NULL, NULL, NULL),
(89, 284, '2017-01-10 13:48:11', 0, 0, NULL, NULL, NULL),
(89, 285, '2019-01-10 11:48:11', 0, 0, NULL, NULL, NULL);

-- --------------------------------------------------------

--
-- Struktura tabeli dla tabeli `kzu_testy_przesiewowe`
--

CREATE TABLE `kzu_testy_przesiewowe` (
  `Id_Karty` int(11) DEFAULT NULL,
  `Id_Badania` int(11) NOT NULL,
  `Data` datetime DEFAULT NULL,
  `Wiek` int(11) DEFAULT NULL,
  `Wysokosc_Ciala_Cm` float DEFAULT NULL,
  `Wysokosc_Ciala_Centyl` varchar(10) COLLATE utf8_polish_ci DEFAULT NULL,
  `Masa_Ciala_Kg` float DEFAULT NULL,
  `Masa_Ciala_Centyl` varchar(10) COLLATE utf8_polish_ci DEFAULT NULL,
  `Masa_Ciala_Bmi` float DEFAULT NULL
) ENGINE=InnoDB DEFAULT CHARSET=utf8 COLLATE=utf8_polish_ci;

--
-- Zrzut danych tabeli `kzu_testy_przesiewowe`
--

INSERT INTO `kzu_testy_przesiewowe` (`Id_Karty`, `Id_Badania`, `Data`, `Wiek`, `Wysokosc_Ciala_Cm`, `Wysokosc_Ciala_Centyl`, `Masa_Ciala_Kg`, `Masa_Ciala_Centyl`, `Masa_Ciala_Bmi`) VALUES
(1, 1, '2022-01-10 13:48:11', 6, 126.7, '93', 22.9, '62', 14.2653),
(2, 2, '2022-01-10 13:48:11', 6, 111.7, '4', 28.5, '95', 22.8422),
(3, 3, '2022-01-10 13:48:11', 6, 126.1, '97', 17.4, '8', 10.9426),
(4, 4, '2022-01-10 13:48:11', 6, 112.4, '10', 27.7, '93', 21.9254),
(5, 5, '2022-01-10 13:48:11', 6, 124.6, '87', 23.6, '50', 15.2011),
(6, 6, '2022-01-10 13:48:11', 6, 112.3, '21', 27.5, '96', 21.8059),
(7, 7, '2021-01-10 13:48:11', 6, 124.3, '82', 27.6, '95', 17.8635),
(8, 8, '2021-01-10 13:48:11', 6, 113, '24', 25.5, '88', 19.9702),
(9, 9, '2021-01-10 13:48:11', 6, 119.8, '70', 18.3, '14', 12.7508),
(10, 10, '2021-01-10 13:48:11', 6, 116.4, '26', 20.6, '27', 15.2041),
(11, 11, '2021-01-10 13:48:11', 6, 111.6, '7', 19.4, '18', 15.5766),
(12, 12, '2021-01-10 13:48:11', 6, 125.6, '95', 27.4, '96', 17.3689),
(13, 13, '2021-01-10 13:48:11', 6, 111.5, '7', 20.8, '34', 16.7307),
(14, 14, '2020-01-10 13:48:11', 6, 117.6, '40', 19.7, '24', 14.2446),
(15, 15, '2020-01-10 13:48:11', 6, 125.2, '95', 29.8, '93', 19.0111),
(16, 16, '2020-01-10 13:48:11', 6, 118.7, '57', 28.1, '95', 19.9437),
(17, 17, '2020-01-10 13:48:11', 6, 120.5, '68', 29.5, '91', 20.3165),
(18, 18, '2020-01-10 13:48:11', 6, 109.1, '10', 23, '71', 19.3232),
(19, 19, '2020-01-10 13:48:11', 6, 119.1, '70', 18.1, '12', 12.7601),
(20, 20, '2019-01-10 13:48:11', 6, 110.1, '8', 16.2, '5', 13.3641),
(20, 21, '2022-01-10 13:48:11', 9, 133.4, '49', 34.4, '65', 19.3307),
(21, 22, '2019-01-10 13:48:11', 6, 110.7, '5', 26.9, '84', 21.9511),
(21, 23, '2022-01-10 13:48:11', 9, 136.7, '70', 35.6, '86', 19.0508),
(22, 24, '2019-01-10 13:48:11', 6, 115.7, '38', 17.3, '5', 12.9235),
(22, 25, '2022-01-10 13:48:11', 9, 134.8, '30', 47.6, '96', 26.1955),
(23, 26, '2019-01-10 13:48:11', 6, 129.1, '94', 19.8, '18', 11.8799),
(23, 27, '2022-01-10 13:48:11', 9, 140.3, '87', 46.5, '91', 23.6231),
(24, 28, '2019-01-10 13:48:11', 6, 114.5, '14', 26.1, '85', 19.9081),
(24, 29, '2022-01-10 13:48:11', 9, 142.1, '88', 38, '85', 18.819),
(25, 30, '2019-01-10 13:48:11', 6, 127.1, '93', 17.4, '5', 10.7711),
(25, 31, '2022-01-10 13:48:11', 9, 138.9, '55', 39.9, '85', 20.6809),
(26, 32, '2019-01-10 13:48:11', 6, 115.3, '43', 28.5, '90', 21.4381),
(26, 33, '2022-01-10 13:48:11', 9, 145, '97', 38, '79', 18.0737),
(27, 34, '2018-01-10 13:48:11', 6, 111.6, '9', 23.5, '61', 18.8686),
(27, 35, '2021-01-10 13:48:11', 9, 134, '46', 40.5, '77', 22.5551),
(28, 36, '2018-01-10 13:48:11', 6, 111.2, '8', 19.1, '13', 15.4463),
(28, 37, '2021-01-10 13:48:11', 9, 137.1, '56', 30.5, '45', 16.2265),
(29, 38, '2018-01-10 13:48:11', 6, 111.5, '9', 25.4, '78', 20.4307),
(29, 39, '2021-01-10 13:48:11', 9, 126.7, '5', 31.8, '68', 19.8095),
(30, 40, '2018-01-10 13:48:11', 6, 115.8, '28', 27.1, '95', 20.2093),
(30, 41, '2021-01-10 13:48:11', 9, 143.7, '85', 39.7, '85', 19.2255),
(31, 42, '2018-01-10 13:48:11', 6, 121.2, '63', 25.2, '88', 17.1552),
(31, 43, '2021-01-10 13:48:11', 9, 147.1, '95', 30.8, '34', 14.2339),
(32, 44, '2018-01-10 13:48:11', 6, 120.7, '59', 29.9, '90', 20.5237),
(32, 45, '2021-01-10 13:48:11', 9, 141.2, '89', 35.4, '83', 17.7555),
(33, 46, '2018-01-10 13:48:11', 6, 123.3, '83', 29.4, '94', 19.3384),
(33, 47, '2021-01-10 13:48:11', 9, 139.4, '69', 35.2, '79', 18.1141),
(34, 48, '2017-01-10 13:48:11', 6, 113.4, '11', 18.6, '21', 14.4639),
(34, 49, '2020-01-10 13:48:11', 9, 135.7, '43', 24.8, '13', 13.4677),
(34, 50, '2022-01-10 13:48:11', 11, 154.9, '90', 40.1, '75', 16.7125),
(35, 51, '2017-01-10 13:48:11', 6, 126.3, '93', 26, '78', 16.2992),
(35, 52, '2020-01-10 13:48:11', 9, 138.9, '64', 34.4, '66', 17.8301),
(35, 53, '2022-01-10 13:48:11', 11, 142.8, '35', 30.5, '18', 14.957),
(36, 54, '2017-01-10 13:48:11', 6, 124.5, '78', 22.9, '56', 14.774),
(36, 55, '2020-01-10 13:48:11', 9, 130.5, '25', 24.2, '11', 14.21),
(36, 56, '2022-01-10 13:48:11', 11, 141.3, '16', 31.2, '16', 15.6268),
(37, 57, '2017-01-10 13:48:11', 6, 115.8, '42', 25.9, '82', 19.3145),
(37, 58, '2020-01-10 13:48:11', 9, 133.4, '25', 29.6, '43', 16.6334),
(37, 59, '2022-01-10 13:48:11', 11, 138, '4', 32.6, '11', 17.1183),
(38, 60, '2017-01-10 13:48:11', 6, 125.2, '97', 18.3, '18', 11.6746),
(38, 61, '2020-01-10 13:48:11', 9, 145.9, '95', 38.6, '88', 18.1333),
(38, 62, '2022-01-10 13:48:11', 11, 159.4, '96', 53.6, '93', 21.0954),
(39, 63, '2017-01-10 13:48:11', 6, 124.1, '88', 27.8, '91', 18.051),
(39, 64, '2020-01-10 13:48:11', 9, 140, '68', 29.1, '47', 14.8469),
(39, 65, '2022-01-10 13:48:11', 11, 141, '17', 52.1, '94', 26.2059),
(40, 66, '2017-01-10 13:48:11', 6, 127.4, '92', 24.5, '90', 15.0948),
(40, 67, '2020-01-10 13:48:11', 9, 140.2, '87', 31.3, '59', 15.9239),
(40, 68, '2022-01-10 13:48:11', 11, 140.5, '19', 53.6, '94', 27.1526),
(41, 69, '2016-01-10 13:48:11', 6, 129, '92', 23.7, '53', 14.2419),
(41, 70, '2019-01-10 13:48:11', 9, 132.1, '29', 45.7, '93', 26.1885),
(41, 71, '2021-01-10 13:48:11', 11, 160.2, '92', 35.2, '42', 13.7157),
(42, 72, '2016-01-10 13:48:11', 6, 116.3, '39', 21.1, '28', 15.5999),
(42, 73, '2019-01-10 13:48:11', 9, 142.5, '89', 43, '96', 21.1757),
(42, 74, '2021-01-10 13:48:11', 11, 150.4, '56', 33.2, '45', 14.6772),
(43, 75, '2016-01-10 13:48:11', 6, 116.8, '32', 19.7, '18', 14.4404),
(43, 76, '2019-01-10 13:48:11', 9, 141.4, '82', 46.7, '91', 23.3571),
(43, 77, '2021-01-10 13:48:11', 11, 160.8, '92', 29, '5', 11.2157),
(44, 78, '2016-01-10 13:48:11', 6, 117.7, '30', 27.4, '91', 19.7787),
(44, 79, '2019-01-10 13:48:11', 9, 136.1, '75', 36.4, '76', 19.651),
(44, 80, '2021-01-10 13:48:11', 11, 156, '94', 50.8, '84', 20.8744),
(45, 81, '2016-01-10 13:48:11', 6, 109.8, '6', 16.7, '4', 13.852),
(45, 82, '2019-01-10 13:48:11', 9, 143.1, '86', 46.2, '95', 22.5612),
(45, 83, '2021-01-10 13:48:11', 11, 154.6, '86', 56.8, '95', 23.7645),
(46, 84, '2016-01-10 13:48:11', 6, 114.9, '24', 17.2, '9', 13.0283),
(46, 85, '2019-01-10 13:48:11', 9, 135.9, '49', 45.5, '92', 24.6361),
(46, 86, '2021-01-10 13:48:11', 11, 158.4, '91', 36.4, '35', 14.5074),
(47, 87, '2016-01-10 13:48:11', 6, 110.3, '6', 25.5, '82', 20.9599),
(47, 88, '2019-01-10 13:48:11', 9, 147.9, '97', 36.7, '85', 16.7776),
(47, 89, '2021-01-10 13:48:11', 11, 146.5, '45', 56, '93', 26.0923),
(48, 90, '2015-01-10 13:48:11', 6, 111.3, '8', 24.1, '82', 19.4548),
(48, 91, '2018-01-10 13:48:11', 9, 142.7, '80', 48.5, '91', 23.8174),
(48, 92, '2020-01-10 13:48:11', 11, 154.6, '85', 51.5, '75', 21.5471),
(48, 93, '2022-01-10 13:48:11', 13, 154.9, '23', 38.8, '12', 16.1707),
(49, 94, '2015-01-10 13:48:11', 6, 116.4, '43', 18.6, '12', 13.728),
(49, 95, '2018-01-10 13:48:11', 9, 146.3, '90', 30, '28', 14.0163),
(49, 96, '2020-01-10 13:48:11', 11, 152.2, '85', 58.3, '96', 25.1675),
(49, 97, '2022-01-10 13:48:11', 13, 158, '33', 61, '77', 24.4352),
(50, 98, '2015-01-10 13:48:11', 6, 125.5, '92', 26.5, '80', 16.8251),
(50, 99, '2018-01-10 13:48:11', 9, 127.5, '5', 32.1, '70', 19.7463),
(50, 100, '2020-01-10 13:48:11', 11, 144.8, '27', 48.4, '83', 23.0838),
(50, 101, '2022-01-10 13:48:11', 13, 151.9, '25', 61.6, '82', 26.6972),
(51, 102, '2015-01-10 13:48:11', 6, 126.3, '92', 27, '90', 16.9261),
(51, 103, '2018-01-10 13:48:11', 9, 125.8, '5', 23.7, '7', 14.9757),
(51, 104, '2020-01-10 13:48:11', 11, 144.5, '47', 31.2, '10', 14.9423),
(51, 105, '2022-01-10 13:48:11', 13, 151.3, '24', 70.1, '91', 30.6225),
(52, 106, '2015-01-10 13:48:11', 6, 118.1, '73', 24.9, '83', 17.8525),
(52, 107, '2018-01-10 13:48:11', 9, 145, '91', 29.3, '46', 13.9358),
(52, 108, '2020-01-10 13:48:11', 11, 152.4, '86', 46, '85', 19.8056),
(52, 109, '2022-01-10 13:48:11', 13, 170.2, '93', 61.6, '88', 21.2648),
(53, 110, '2015-01-10 13:48:11', 6, 110, '10', 24.9, '80', 20.5785),
(53, 111, '2018-01-10 13:48:11', 9, 126.1, '4', 47.1, '95', 29.6204),
(53, 112, '2020-01-10 13:48:11', 11, 142.4, '42', 37.3, '49', 18.3945),
(53, 113, '2022-01-10 13:48:11', 13, 161.4, '54', 50.2, '74', 19.2707),
(54, 114, '2015-01-10 13:48:11', 6, 110.6, '10', 26.5, '80', 21.6638),
(54, 115, '2018-01-10 13:48:11', 9, 136.3, '67', 41, '82', 22.0695),
(54, 116, '2020-01-10 13:48:11', 11, 151.7, '77', 36.4, '34', 15.8172),
(54, 117, '2022-01-10 13:48:11', 13, 164, '53', 41.9, '25', 15.5785),
(55, 118, '2014-01-10 13:48:11', 6, 118.2, '60', 27.8, '91', 19.898),
(55, 119, '2017-01-10 13:48:11', 9, 141, '77', 36.4, '90', 18.3089),
(55, 120, '2019-01-10 13:48:11', 11, 152.9, '80', 31.3, '12', 13.3884),
(55, 121, '2021-01-10 13:48:11', 13, 149.1, '3', 62.5, '89', 28.1141),
(56, 122, '2014-01-10 13:48:11', 6, 110.1, '10', 24.2, '79', 19.9637),
(56, 123, '2017-01-10 13:48:11', 9, 142.2, '78', 33.3, '72', 16.4682),
(56, 124, '2019-01-10 13:48:11', 11, 143.7, '48', 53.8, '92', 26.0537),
(56, 125, '2021-01-10 13:48:11', 13, 156, '45', 53.6, '58', 22.025),
(57, 126, '2014-01-10 13:48:11', 6, 118.2, '73', 26.9, '76', 19.2538),
(57, 127, '2017-01-10 13:48:11', 9, 141.3, '76', 28.8, '44', 14.4247),
(57, 128, '2019-01-10 13:48:11', 11, 136.7, '5', 57.1, '92', 30.5562),
(57, 129, '2021-01-10 13:48:11', 13, 172.5, '91', 71.2, '93', 23.9277),
(58, 130, '2014-01-10 13:48:11', 6, 114.4, '19', 20.3, '46', 15.5111),
(58, 131, '2017-01-10 13:48:11', 9, 133.6, '25', 30.6, '45', 17.1439),
(58, 132, '2019-01-10 13:48:11', 11, 156.3, '96', 51.6, '85', 21.1218),
(58, 133, '2021-01-10 13:48:11', 13, 152.5, '17', 34.2, '5', 14.7057),
(59, 134, '2014-01-10 13:48:11', 6, 113.8, '11', 21.2, '47', 16.3701),
(59, 135, '2017-01-10 13:48:11', 9, 146.7, '97', 42.1, '96', 19.5624),
(59, 136, '2019-01-10 13:48:11', 11, 152.2, '84', 58.1, '94', 25.0811),
(59, 137, '2021-01-10 13:48:11', 13, 150, '4', 71.8, '95', 31.9111),
(60, 138, '2014-01-10 13:48:11', 6, 123.8, '83', 21, '41', 13.7018),
(60, 139, '2017-01-10 13:48:11', 9, 131.9, '15', 48.9, '91', 28.1073),
(60, 140, '2019-01-10 13:48:11', 11, 135.7, '5', 36.6, '47', 19.8757),
(60, 141, '2021-01-10 13:48:11', 13, 156.2, '50', 60, '76', 24.5917),
(61, 142, '2014-01-10 13:48:11', 6, 113.9, '22', 22.2, '68', 17.1122),
(61, 143, '2017-01-10 13:48:11', 9, 125.2, '5', 46.8, '93', 29.8564),
(61, 144, '2019-01-10 13:48:11', 11, 155.2, '94', 28.1, '5', 11.666),
(61, 145, '2021-01-10 13:48:11', 13, 157.2, '48', 45.1, '36', 18.2504),
(62, 146, '2013-01-10 13:48:11', 6, 121.5, '63', 16.2, '4', 10.9739),
(62, 147, '2016-01-10 13:48:11', 9, 141.7, '86', 45.6, '95', 22.7104),
(62, 148, '2018-01-10 13:48:11', 11, 139.6, '11', 27.3, '4', 14.0085),
(62, 149, '2020-01-10 13:48:11', 13, 161.6, '53', 71.1, '96', 27.2262),
(62, 150, '2022-01-10 13:48:11', 15, 153.6, '10', 61.9, '53', 26.2366),
(63, 151, '2013-01-10 13:48:11', 6, 125.5, '95', 29.5, '90', 18.7299),
(63, 152, '2016-01-10 13:48:11', 9, 133.4, '45', 25.2, '21', 14.1608),
(63, 153, '2018-01-10 13:48:11', 11, 152.2, '81', 28.9, '9', 12.4758),
(63, 154, '2020-01-10 13:48:11', 13, 154.9, '25', 36.8, '7', 15.3372),
(63, 155, '2022-01-10 13:48:11', 15, 173.8, '67', 55.4, '48', 18.3405),
(64, 156, '2013-01-10 13:48:11', 6, 111.9, '6', 29.3, '97', 23.3995),
(64, 157, '2016-01-10 13:48:11', 9, 142.2, '79', 37.3, '83', 18.4463),
(64, 158, '2018-01-10 13:48:11', 11, 143.7, '28', 28.2, '6', 13.6564),
(64, 159, '2020-01-10 13:48:11', 13, 147.5, '7', 59.5, '90', 27.3485),
(64, 160, '2022-01-10 13:48:11', 15, 180, '82', 76.2, '90', 23.5185),
(65, 161, '2013-01-10 13:48:11', 6, 129.9, '91', 18.3, '19', 10.8451),
(65, 162, '2016-01-10 13:48:11', 9, 129.2, '10', 31.4, '55', 18.8107),
(65, 163, '2018-01-10 13:48:11', 11, 140.3, '18', 39.6, '74', 20.1178),
(65, 164, '2020-01-10 13:48:11', 13, 145.3, '4', 38.2, '14', 18.0939),
(65, 165, '2022-01-10 13:48:11', 15, 171.1, '29', 47.5, '19', 16.2253),
(66, 166, '2013-01-10 13:48:11', 6, 119.8, '70', 19.4, '22', 13.5172),
(66, 167, '2016-01-10 13:48:11', 9, 146.8, '91', 35.7, '80', 16.5659),
(66, 168, '2018-01-10 13:48:11', 11, 152.8, '83', 43.4, '74', 18.5884),
(66, 169, '2020-01-10 13:48:11', 13, 173.1, '91', 53.7, '65', 17.9217),
(66, 170, '2022-01-10 13:48:11', 15, 157.7, '8', 56.9, '49', 22.8796),
(67, 171, '2013-01-10 13:48:11', 6, 117.8, '48', 20.1, '42', 14.4846),
(67, 172, '2016-01-10 13:48:11', 9, 127.8, '7', 35.9, '78', 21.9803),
(67, 173, '2018-01-10 13:48:11', 11, 140.1, '18', 58.2, '96', 29.6515),
(67, 174, '2020-01-10 13:48:11', 13, 169.3, '88', 54.9, '75', 19.154),
(67, 175, '2022-01-10 13:48:11', 15, 169.6, '49', 54.5, '29', 18.9472),
(68, 176, '2013-01-10 13:48:11', 6, 110.8, '4', 28.7, '91', 23.3777),
(68, 177, '2016-01-10 13:48:11', 9, 141.2, '89', 40.1, '84', 20.1129),
(68, 178, '2018-01-10 13:48:11', 11, 159.6, '90', 36.4, '38', 14.2901),
(68, 179, '2020-01-10 13:48:11', 13, 161.6, '57', 72, '90', 27.5708),
(68, 180, '2022-01-10 13:48:11', 15, 181.3, '78', 59.6, '68', 18.1322),
(69, 181, '2012-01-10 13:48:11', 6, 129.5, '91', 21.3, '30', 12.7011),
(69, 182, '2015-01-10 13:48:11', 9, 142.7, '76', 43, '93', 21.1164),
(69, 183, '2017-01-10 13:48:11', 11, 145.4, '44', 51.3, '83', 24.2655),
(69, 184, '2019-01-10 13:48:11', 13, 159, '47', 43.9, '48', 17.3648),
(69, 185, '2021-01-10 13:48:11', 15, 165.1, '10', 64.7, '51', 23.7361),
(70, 186, '2012-01-10 13:48:11', 6, 113.1, '19', 16.5, '3', 12.8991),
(70, 187, '2015-01-10 13:48:11', 9, 137.9, '73', 43.1, '94', 22.6646),
(70, 188, '2017-01-10 13:48:11', 11, 152.1, '88', 38.4, '70', 16.5987),
(70, 189, '2019-01-10 13:48:11', 13, 171.2, '96', 56.6, '87', 19.3112),
(70, 190, '2021-01-10 13:48:11', 15, 170.7, '33', 77.8, '92', 26.7001),
(71, 191, '2012-01-10 13:48:11', 6, 127.5, '91', 21.7, '31', 13.3487),
(71, 192, '2015-01-10 13:48:11', 9, 144.8, '91', 32.7, '62', 15.5959),
(71, 193, '2017-01-10 13:48:11', 11, 152.2, '76', 32.4, '15', 13.9867),
(71, 194, '2019-01-10 13:48:11', 13, 152.6, '17', 67.8, '92', 29.1153),
(71, 195, '2021-01-10 13:48:11', 15, 173.5, '59', 78.5, '90', 26.0778),
(72, 196, '2012-01-10 13:48:11', 6, 116, '25', 23.4, '53', 17.39),
(72, 197, '2015-01-10 13:48:11', 9, 127.9, '5', 42.6, '95', 26.0417),
(72, 198, '2017-01-10 13:48:11', 11, 160.3, '91', 29.7, '6', 11.5582),
(72, 199, '2019-01-10 13:48:11', 13, 150.8, '22', 52.2, '68', 22.9545),
(72, 200, '2021-01-10 13:48:11', 15, 159.2, '10', 65.8, '52', 25.9621),
(73, 201, '2012-01-10 13:48:11', 6, 114.3, '23', 26.8, '87', 20.5136),
(73, 202, '2015-01-10 13:48:11', 9, 143.4, '80', 28.3, '36', 13.7622),
(73, 203, '2017-01-10 13:48:11', 11, 158.6, '96', 40.3, '59', 16.0213),
(73, 204, '2019-01-10 13:48:11', 13, 171.8, '96', 69.3, '90', 23.4794),
(73, 205, '2021-01-10 13:48:11', 15, 174.5, '64', 64.5, '62', 21.1821),
(74, 206, '2012-01-10 13:48:11', 6, 129, '96', 23.4, '63', 14.0617),
(74, 207, '2015-01-10 13:48:11', 9, 144.1, '93', 42.5, '90', 20.4673),
(74, 208, '2017-01-10 13:48:11', 11, 157.2, '90', 44.3, '77', 17.9266),
(74, 209, '2019-01-10 13:48:11', 13, 168.5, '76', 44.4, '40', 15.6381),
(74, 210, '2021-01-10 13:48:11', 15, 185, '96', 47.1, '17', 13.7619),
(75, 211, '2012-01-10 13:48:11', 6, 115.3, '29', 26.5, '84', 19.9337),
(75, 212, '2015-01-10 13:48:11', 9, 125.1, '3', 45.1, '90', 28.8179),
(75, 213, '2017-01-10 13:48:11', 11, 154, '87', 57.3, '95', 24.1609),
(75, 214, '2019-01-10 13:48:11', 13, 160.6, '68', 39, '12', 15.1208),
(75, 215, '2021-01-10 13:48:11', 15, 152.5, '8', 61.7, '60', 26.5305),
(76, 216, '2011-01-10 13:48:11', 6, 117.1, '36', 24, '57', 17.5024),
(76, 217, '2014-01-10 13:48:11', 9, 139.7, '51', 44.6, '90', 22.8529),
(76, 218, '2016-01-10 13:48:11', 11, 141.1, '21', 58.4, '96', 29.3332),
(76, 219, '2018-01-10 13:48:11', 13, 146.9, '6', 66.3, '92', 30.7234),
(76, 220, '2020-01-10 13:48:11', 15, 159.7, '9', 77, '96', 30.1912),
(77, 221, '2011-01-10 13:48:11', 6, 120.3, '51', 16, '10', 11.0558),
(77, 222, '2014-01-10 13:48:11', 9, 145.5, '95', 24.9, '15', 11.7618),
(77, 223, '2016-01-10 13:48:11', 11, 152, '77', 58.3, '90', 25.2337),
(77, 224, '2018-01-10 13:48:11', 13, 161.5, '63', 72, '94', 27.605),
(77, 225, '2020-01-10 13:48:11', 15, 170.5, '33', 77.9, '90', 26.7972),
(78, 226, '2011-01-10 13:48:11', 6, 112.7, '11', 26.3, '82', 20.7066),
(78, 227, '2014-01-10 13:48:11', 9, 130.1, '10', 45.3, '91', 26.7635),
(78, 228, '2016-01-10 13:48:11', 11, 148, '55', 57.6, '95', 26.2966),
(78, 229, '2018-01-10 13:48:11', 13, 158, '37', 64.4, '81', 25.7971),
(78, 230, '2020-01-10 13:48:11', 15, 156.9, '7', 63.9, '69', 25.957),
(79, 231, '2011-01-10 13:48:11', 6, 111.6, '6', 25.2, '87', 20.2336),
(79, 232, '2014-01-10 13:48:11', 9, 142.6, '84', 43.6, '90', 21.4411),
(79, 233, '2016-01-10 13:48:11', 11, 147.6, '73', 39.1, '66', 17.9475),
(79, 234, '2018-01-10 13:48:11', 13, 155.3, '33', 41.8, '18', 17.3314),
(79, 235, '2020-01-10 13:48:11', 15, 160.1, '18', 78.3, '92', 30.5477),
(80, 236, '2011-01-10 13:48:11', 6, 118.9, '59', 21.3, '29', 15.0666),
(80, 237, '2014-01-10 13:48:11', 9, 138.3, '51', 46.7, '93', 24.4159),
(80, 238, '2016-01-10 13:48:11', 11, 152.3, '82', 56.1, '90', 24.1859),
(80, 239, '2018-01-10 13:48:11', 13, 170.3, '95', 48, '38', 16.5505),
(80, 240, '2020-01-10 13:48:11', 15, 158.3, '8', 77.7, '93', 31.007),
(81, 241, '2011-01-10 13:48:11', 6, 114.5, '11', 24.5, '85', 18.6877),
(81, 242, '2014-01-10 13:48:11', 9, 134.1, '42', 42.1, '93', 23.4112),
(81, 243, '2016-01-10 13:48:11', 11, 149.1, '72', 27.7, '4', 12.4602),
(81, 244, '2018-01-10 13:48:11', 13, 161.6, '66', 34, '6', 13.0196),
(81, 245, '2020-01-10 13:48:11', 15, 173.9, '60', 76.3, '95', 25.2305),
(82, 246, '2011-01-10 13:48:11', 6, 116.9, '49', 19.1, '19', 13.9767),
(82, 247, '2014-01-10 13:48:11', 9, 131.1, '11', 27.3, '17', 15.8839),
(82, 248, '2016-01-10 13:48:11', 11, 144.5, '32', 37.3, '43', 17.8638),
(82, 249, '2018-01-10 13:48:11', 13, 152, '19', 54.6, '59', 23.6323),
(82, 250, '2020-01-10 13:48:11', 15, 155.1, '7', 65.6, '52', 27.2697),
(83, 251, '2010-01-10 13:48:11', 6, 129, '95', 18.5, '14', 11.1171),
(83, 252, '2013-01-10 13:48:11', 9, 146.5, '90', 33.4, '62', 15.5622),
(83, 253, '2015-01-10 13:48:11', 11, 156.3, '93', 33.2, '34', 13.59),
(83, 254, '2017-01-10 13:48:11', 13, 165.5, '86', 68, '92', 24.8264),
(83, 255, '2019-01-10 13:48:11', 15, 157.8, '8', 70.3, '78', 28.232),
(83, 256, '2022-01-10 13:48:11', 18, 159.2, '3', 67.8, '40', 26.7512),
(84, 257, '2010-01-10 13:48:11', 6, 111.3, '6', 22.6, '51', 18.2439),
(84, 258, '2013-01-10 13:48:11', 9, 137.3, '64', 34.6, '65', 18.3542),
(84, 259, '2015-01-10 13:48:11', 11, 155.3, '97', 32.9, '14', 13.6412),
(84, 260, '2017-01-10 13:48:11', 13, 157.3, '34', 33.5, '6', 13.539),
(84, 261, '2019-01-10 13:48:11', 15, 182.4, '94', 54.7, '50', 16.4414),
(84, 262, '2022-01-10 13:48:11', 18, 182.2, '74', 66.4, '44', 20.0019),
(85, 263, '2010-01-10 13:48:11', 6, 112.7, '24', 19.9, '22', 15.6677),
(85, 264, '2013-01-10 13:48:11', 9, 144.8, '95', 28.1, '28', 13.402),
(85, 265, '2015-01-10 13:48:11', 11, 150.4, '51', 46.8, '84', 20.6895),
(85, 266, '2017-01-10 13:48:11', 13, 149.1, '4', 72.9, '93', 32.7923),
(85, 267, '2019-01-10 13:48:11', 15, 186.6, '95', 71.3, '76', 20.477),
(85, 268, '2022-01-10 13:48:11', 18, 178.3, '34', 61.6, '20', 19.3766),
(86, 269, '2010-01-10 13:48:11', 6, 111.6, '9', 16.2, '10', 13.0073),
(86, 270, '2013-01-10 13:48:11', 9, 131.3, '25', 31.2, '55', 18.0978),
(86, 271, '2015-01-10 13:48:11', 11, 154.7, '88', 59.8, '96', 24.9874),
(86, 272, '2017-01-10 13:48:11', 13, 169.6, '76', 70.3, '91', 24.4401),
(86, 273, '2019-01-10 13:48:11', 15, 169.1, '25', 70.8, '81', 24.7597),
(86, 274, '2022-01-10 13:48:11', 18, 157.8, '7', 67.7, '41', 27.1878),
(87, 275, '2010-01-10 13:48:11', 6, 123.3, '84', 21.6, '43', 14.2078),
(87, 276, '2013-01-10 13:48:11', 9, 145.5, '92', 34, '71', 16.0603),
(87, 277, '2015-01-10 13:48:11', 11, 150.5, '72', 40.2, '4', 17.7778),
(87, 278, '2017-01-10 13:48:11', 13, 153.8, '24', 62.5, '78', 26.4221),
(87, 279, '2019-01-10 13:48:11', 15, 165.8, '12', 80.4, '95', 29.2474),
(87, 280, '2022-01-10 13:48:11', 18, 179.4, '60', 60.6, '11', 18.829),
(88, 281, '2010-01-10 13:48:11', 6, 111.4, '4', 20.8, '44', 16.7607),
(88, 282, '2013-01-10 13:48:11', 9, 134.4, '35', 48.4, '93', 26.7946),
(88, 283, '2015-01-10 13:48:11', 11, 160.2, '95', 59.5, '95', 23.1842),
(88, 284, '2017-01-10 13:48:11', 13, 163.9, '65', 54.8, '67', 20.3996),
(88, 285, '2019-01-10 13:48:11', 15, 171.4, '26', 45.5, '9', 15.4878),
(88, 286, '2022-01-10 13:48:11', 18, 183, '51', 62.3, '10', 18.6031),
(89, 287, '2010-01-10 13:48:11', 6, 113.4, '25', 18.4, '22', 14.3084),
(89, 288, '2013-01-10 13:48:11', 9, 144.3, '95', 39, '78', 18.7297),
(89, 289, '2015-01-10 13:48:11', 11, 140.6, '21', 48.1, '90', 24.3318),
(89, 290, '2017-01-10 13:48:11', 13, 145.5, '6', 57.4, '86', 27.1135),
(89, 291, '2019-01-10 13:48:11', 15, 178.8, '78', 48.8, '10', 15.2646),
(89, 292, '2022-01-10 13:48:11', 18, 169.6, '18', 68.1, '48', 23.6753);

-- --------------------------------------------------------

--
-- Struktura tabeli dla tabeli `kzu_wywiady_srodowiskowe`
--

CREATE TABLE `kzu_wywiady_srodowiskowe` (
  `Id_Karty` int(11) DEFAULT NULL,
  `Id_Wywiadu` int(11) NOT NULL,
  `Data` datetime DEFAULT NULL,
  `Wnioski` varchar(1000) COLLATE utf8_polish_ci DEFAULT NULL
) ENGINE=InnoDB DEFAULT CHARSET=utf8 COLLATE=utf8_polish_ci;

--
-- Zrzut danych tabeli `kzu_wywiady_srodowiskowe`
--

INSERT INTO `kzu_wywiady_srodowiskowe` (`Id_Karty`, `Id_Wywiadu`, `Data`, `Wnioski`) VALUES
(24, 1, '2022-01-10 09:36:51', 'Uczeń nie uczęszczał do szkoły przez 1 miesiąc ze względu na pobyt w szpitalu. Rodzice twierdzą, że nie wiedzieli, że muszą poinformować o dłuższym braku obecności ucznia.');

-- --------------------------------------------------------

--
-- Struktura tabeli dla tabeli `kzu_wzrok`
--

CREATE TABLE `kzu_wzrok` (
  `Id_Karty` int(11) DEFAULT NULL,
  `Id_Badania` int(11) NOT NULL,
  `Data` datetime NOT NULL,
  `Zez_Widoczny` tinyint(1) DEFAULT NULL,
  `Zez_Cover_Test` varchar(1) COLLATE utf8_polish_ci DEFAULT NULL,
  `Zez_Odbicie_Swiatla_Na_Rogowkach` varchar(3) COLLATE utf8_polish_ci DEFAULT NULL,
  `Widzenie_Barw` varchar(5) COLLATE utf8_polish_ci DEFAULT NULL,
  `Oko_Prawe` varchar(10) COLLATE utf8_polish_ci DEFAULT NULL,
  `Oko_Lewe` varchar(10) COLLATE utf8_polish_ci DEFAULT NULL,
  `Uwagi` varchar(250) COLLATE utf8_polish_ci DEFAULT NULL
) ENGINE=InnoDB DEFAULT CHARSET=utf8 COLLATE=utf8_polish_ci;

--
-- Zrzut danych tabeli `kzu_wzrok`
--

INSERT INTO `kzu_wzrok` (`Id_Karty`, `Id_Badania`, `Data`, `Zez_Widoczny`, `Zez_Cover_Test`, `Zez_Odbicie_Swiatla_Na_Rogowkach`, `Widzenie_Barw`, `Oko_Prawe`, `Oko_Lewe`, `Uwagi`) VALUES
(1, 1, '2022-01-10 10:30:18', 0, '-', '0', NULL, '5/5', '5/5', NULL),
(2, 2, '2022-01-10 10:30:18', 0, '-', '0', NULL, '5/5', '5/5', NULL),
(3, 3, '2022-01-10 10:30:18', 0, '-', '0', NULL, '5/5', '5/5', NULL),
(4, 4, '2022-01-10 10:30:18', 0, '-', '0', NULL, '5/5', '5/5', NULL),
(5, 5, '2022-01-10 10:30:18', 0, '-', '0', NULL, '5/5', '5/5', NULL),
(6, 6, '2022-01-10 10:30:18', 0, '-', '0', NULL, '5/5', '5/5', NULL),
(7, 7, '2021-01-10 10:30:18', 0, '-', '0', NULL, '5/5', '5/5', NULL),
(8, 8, '2021-01-10 10:30:18', 0, '-', '0', NULL, '5/5', '5/5', NULL),
(9, 9, '2021-01-10 10:30:18', 0, '-', '0', NULL, '5/5', '5/5', NULL),
(10, 10, '2021-01-10 10:30:18', 0, '-', '0', NULL, '5/5', '5/5', NULL),
(11, 11, '2021-01-10 10:30:18', 0, '-', '0', NULL, '5/5', '5/5', NULL),
(12, 12, '2021-01-10 10:30:18', 0, '-', '0', NULL, '5/5', '5/5', NULL),
(13, 13, '2021-01-10 10:30:18', 0, '-', '0', NULL, '5/5', '5/5', NULL),
(14, 14, '2020-01-10 10:30:18', 0, '-', '0', NULL, '5/5', '5/5', NULL),
(15, 15, '2020-01-10 10:30:18', 0, '-', '0', NULL, '5/5', '5/5', NULL),
(16, 16, '2020-01-10 10:30:18', 0, '-', '0', NULL, '5/5', '5/5', NULL),
(17, 17, '2020-01-10 10:30:18', 0, '-', '0', NULL, '5/5', '5/5', NULL),
(18, 18, '2020-01-10 10:30:18', 0, '-', '0', NULL, '5/5', '5/5', NULL),
(19, 19, '2020-01-10 10:30:18', 0, '-', '0', NULL, '5/5', '5/5', NULL),
(20, 20, '2019-01-10 10:30:18', 0, '-', '0', NULL, '5/5', '5/5', NULL),
(20, 21, '2022-01-10 10:30:18', NULL, NULL, NULL, '14/14', '5/5', '5/5', NULL),
(21, 22, '2019-01-10 10:30:18', 0, '-', '0', NULL, '5/10', '5/10', NULL),
(21, 23, '2022-01-10 10:30:18', NULL, NULL, NULL, '14/14', '5/10', '5/10', NULL),
(22, 24, '2019-01-10 10:30:18', 0, '-', '0', NULL, '5/5', '5/5', NULL),
(22, 25, '2022-01-10 10:30:18', NULL, NULL, NULL, '14/14', '5/5', '5/5', NULL),
(23, 26, '2019-01-10 10:30:18', 0, '-', '0', NULL, '5/5', '5/5', NULL),
(23, 27, '2022-01-10 10:30:18', NULL, NULL, NULL, '14/14', '5/5', '5/5', NULL),
(24, 28, '2019-01-10 10:30:18', 0, '-', '0', NULL, '5/5', '5/5', NULL),
(24, 29, '2022-01-10 10:30:18', NULL, NULL, NULL, '14/14', '5/5', '5/5', NULL),
(25, 30, '2019-01-10 10:30:18', 0, '-', '0', NULL, '5/5', '5/5', NULL),
(25, 31, '2022-01-10 10:30:18', NULL, NULL, NULL, '14/14', '5/5', '5/5', NULL),
(26, 32, '2019-01-10 10:30:18', 0, '-', '0', NULL, '5/5', '5/5', NULL),
(26, 33, '2022-01-10 10:30:18', NULL, NULL, NULL, '14/14', '5/5', '5/5', NULL),
(27, 34, '2018-01-10 10:30:18', 0, '-', '0', NULL, '5/5', '5/5', NULL),
(27, 35, '2021-01-10 10:30:18', NULL, NULL, NULL, '14/14', '5/5', '5/5', NULL),
(28, 36, '2018-01-10 10:30:18', 0, '-', '0', NULL, '5/5', '5/5', NULL),
(28, 37, '2021-01-10 10:30:18', NULL, NULL, NULL, '14/14', '5/5', '5/5', NULL),
(29, 38, '2018-01-10 10:30:18', 0, '-', '0', NULL, '5/5', '5/5', NULL),
(29, 39, '2021-01-10 10:30:18', NULL, NULL, NULL, '14/14', '5/5', '5/5', NULL),
(30, 40, '2018-01-10 10:30:18', 0, '-', '0', NULL, '5/5', '5/5', NULL),
(30, 41, '2021-01-10 10:30:18', NULL, NULL, NULL, '14/14', '5/5', '5/5', NULL),
(31, 42, '2018-01-10 10:30:18', 0, '-', '0', NULL, '5/5', '5/5', NULL),
(31, 43, '2021-01-10 10:30:18', NULL, NULL, NULL, '14/14', '5/5', '5/5', NULL),
(32, 44, '2018-01-10 10:30:18', 0, '-', '0', NULL, '5/5', '5/5', NULL),
(32, 45, '2021-01-10 10:30:18', NULL, NULL, NULL, '14/14', '5/5', '5/5', NULL),
(33, 46, '2018-01-10 10:30:18', 0, '-', '0', NULL, '5/5', '5/5', NULL),
(33, 47, '2021-01-10 10:30:18', NULL, NULL, NULL, '14/14', '5/5', '5/5', NULL),
(34, 48, '2017-01-10 10:30:18', 0, '-', '0', NULL, '5/5', '5/5', NULL),
(34, 49, '2020-01-10 10:30:18', NULL, NULL, NULL, '14/14', '5/5', '5/5', NULL),
(34, 50, '2022-01-10 10:30:18', NULL, NULL, NULL, '14/14', '5/5', '5/5', NULL),
(35, 51, '2017-01-10 10:30:18', 0, '-', '0', NULL, '5/5', '5/5', NULL),
(35, 52, '2020-01-10 10:30:18', NULL, NULL, NULL, '14/14', '5/5', '5/5', NULL),
(35, 53, '2022-01-10 10:30:18', NULL, NULL, NULL, '14/14', '5/5', '5/5', NULL),
(36, 54, '2017-01-10 10:30:18', 0, '-', '0', NULL, '5/5', '5/5', NULL),
(36, 55, '2020-01-10 10:30:18', NULL, NULL, NULL, '14/14', '5/5', '5/5', NULL),
(36, 56, '2022-01-10 10:30:18', NULL, NULL, NULL, '14/14', '5/5', '5/5', NULL),
(37, 57, '2017-01-10 10:30:18', 0, '-', '0', NULL, '5/5', '5/5', NULL),
(37, 58, '2020-01-10 10:30:18', NULL, NULL, NULL, '14/14', '5/5', '5/5', NULL),
(37, 59, '2022-01-10 10:30:18', NULL, NULL, NULL, '14/14', '5/5', '5/5', NULL),
(38, 60, '2017-01-10 10:30:18', 0, '-', '0', NULL, '5/5', '5/5', NULL),
(38, 61, '2020-01-10 10:30:18', NULL, NULL, NULL, '14/14', '5/5', '5/5', NULL),
(38, 62, '2022-01-10 10:30:18', NULL, NULL, NULL, '14/14', '5/5', '5/5', NULL),
(39, 63, '2017-01-10 10:30:18', 0, '-', '0', NULL, '5/5', '5/5', NULL),
(39, 64, '2020-01-10 10:30:18', NULL, NULL, NULL, '14/14', '5/5', '5/5', NULL),
(39, 65, '2022-01-10 10:30:18', NULL, NULL, NULL, '14/14', '5/5', '5/5', NULL),
(40, 66, '2017-01-10 10:30:18', 0, '-', '0', NULL, '5/5', '5/5', NULL),
(40, 67, '2020-01-10 10:30:18', NULL, NULL, NULL, '14/14', '5/5', '5/5', NULL),
(40, 68, '2022-01-10 10:30:18', NULL, NULL, NULL, '14/14', '5/5', '5/5', NULL),
(41, 69, '2016-01-10 10:30:18', 0, '-', '0', NULL, '5/5', '5/5', NULL),
(41, 70, '2019-01-10 10:30:18', NULL, NULL, NULL, '14/14', '5/5', '5/5', NULL),
(41, 71, '2021-01-10 10:30:18', NULL, NULL, NULL, '14/14', '5/5', '5/5', NULL),
(42, 72, '2016-01-10 10:30:18', 0, '-', '0', NULL, '5/5', '5/5', NULL),
(42, 73, '2019-01-10 10:30:18', NULL, NULL, NULL, '14/14', '5/5', '5/5', NULL),
(42, 74, '2021-01-10 10:30:18', NULL, NULL, NULL, '14/14', '5/5', '5/5', NULL),
(43, 75, '2016-01-10 10:30:18', 0, '-', '0', NULL, '5/5', '5/5', NULL),
(43, 76, '2019-01-10 10:30:18', NULL, NULL, NULL, '14/14', '5/5', '5/5', NULL),
(43, 77, '2021-01-10 10:30:18', NULL, NULL, NULL, '14/14', '5/5', '5/5', NULL),
(44, 78, '2016-01-10 10:30:18', 0, '-', '0', NULL, '5/5', '5/5', NULL),
(44, 79, '2019-01-10 10:30:18', NULL, NULL, NULL, '14/14', '5/5', '5/5', NULL),
(44, 80, '2021-01-10 10:30:18', NULL, NULL, NULL, '14/14', '5/5', '5/5', NULL),
(45, 81, '2016-01-10 10:30:18', 0, '-', '0', NULL, '5/5', '5/5', NULL),
(45, 82, '2019-01-10 10:30:18', NULL, NULL, NULL, '14/14', '5/5', '5/5', NULL),
(45, 83, '2021-01-10 10:30:18', NULL, NULL, NULL, '14/14', '5/5', '5/5', NULL),
(46, 84, '2016-01-10 10:30:18', 0, '-', '0', NULL, '5/5', '5/5', NULL),
(46, 85, '2019-01-10 10:30:18', NULL, NULL, NULL, '14/14', '5/5', '5/5', NULL),
(46, 86, '2021-01-10 10:30:18', NULL, NULL, NULL, '14/14', '5/5', '5/5', NULL),
(47, 87, '2016-01-10 10:30:18', 0, '-', '0', NULL, '5/5', '5/5', NULL),
(47, 88, '2019-01-10 10:30:18', NULL, NULL, NULL, '14/14', '5/5', '5/5', NULL),
(47, 89, '2021-01-10 10:30:18', NULL, NULL, NULL, '14/14', '5/5', '5/5', NULL),
(48, 90, '2015-01-09 10:30:18', 0, '-', '0', NULL, '5/5', '5/5', NULL),
(48, 91, '2018-01-10 10:30:18', NULL, NULL, NULL, '14/14', '5/5', '5/5', NULL),
(48, 92, '2020-01-10 10:30:18', NULL, NULL, NULL, '14/14', '5/5', '5/5', NULL),
(48, 93, '2020-01-10 10:30:18', NULL, NULL, NULL, NULL, '5/5', '5/5', NULL),
(49, 94, '2015-01-09 10:30:18', 0, '-', '0', NULL, '5/5', '5/5', NULL),
(49, 95, '2018-01-10 10:30:18', NULL, NULL, NULL, '14/14', '5/5', '5/5', NULL),
(49, 96, '2020-01-10 10:30:18', NULL, NULL, NULL, '14/14', '5/5', '5/5', NULL),
(49, 97, '2020-01-10 10:30:18', NULL, NULL, NULL, NULL, '5/5', '5/5', NULL),
(50, 98, '2015-01-09 10:30:18', 0, '-', '0', NULL, '5/5', '5/5', NULL),
(50, 99, '2018-01-10 10:30:18', NULL, NULL, NULL, '14/14', '5/5', '5/5', NULL),
(50, 100, '2020-01-10 10:30:18', NULL, NULL, NULL, '14/14', '5/5', '5/5', NULL),
(50, 101, '2020-01-10 10:30:18', NULL, NULL, NULL, NULL, '5/5', '5/5', NULL),
(51, 102, '2015-01-09 10:30:18', 0, '-', '0', NULL, '5/5', '5/5', NULL),
(51, 103, '2018-01-10 10:30:18', NULL, NULL, NULL, '14/14', '5/5', '5/5', NULL),
(51, 104, '2020-01-10 10:30:18', NULL, NULL, NULL, '14/14', '5/5', '5/5', NULL),
(51, 105, '2020-01-10 10:30:18', NULL, NULL, NULL, NULL, '5/5', '5/5', NULL),
(52, 106, '2015-01-09 10:30:18', 0, '-', '0', NULL, '5/5', '5/5', NULL),
(52, 107, '2018-01-10 10:30:18', NULL, NULL, NULL, '14/14', '5/5', '5/5', NULL),
(52, 108, '2020-01-10 10:30:18', NULL, NULL, NULL, '14/14', '5/5', '5/5', NULL),
(52, 109, '2020-01-10 10:30:18', NULL, NULL, NULL, NULL, '5/5', '5/5', NULL),
(53, 110, '2015-01-09 10:30:18', 0, '-', '0', NULL, '5/5', '5/5', NULL),
(53, 111, '2018-01-10 10:30:18', NULL, NULL, NULL, '14/14', '5/5', '5/5', NULL),
(53, 112, '2020-01-10 10:30:18', NULL, NULL, NULL, '14/14', '5/5', '5/5', NULL),
(53, 113, '2020-01-10 10:30:18', NULL, NULL, NULL, NULL, '5/5', '5/5', NULL),
(54, 114, '2015-01-09 10:30:18', 0, '-', '0', NULL, '5/5', '5/5', NULL),
(54, 115, '2018-01-10 10:30:18', NULL, NULL, NULL, '14/14', '5/5', '5/5', NULL),
(54, 116, '2020-01-10 10:30:18', NULL, NULL, NULL, '14/14', '5/5', '5/5', NULL),
(54, 117, '2020-01-10 10:30:18', NULL, NULL, NULL, NULL, '5/5', '5/5', NULL),
(55, 118, '2014-01-09 10:30:18', 0, '-', '0', NULL, '5/5', '5/5', NULL),
(55, 119, '2017-01-10 10:30:18', NULL, NULL, NULL, '14/14', '5/5', '5/5', NULL),
(55, 120, '2019-01-10 10:30:18', NULL, NULL, NULL, '14/14', '5/5', '5/5', NULL),
(55, 121, '2019-01-10 10:30:18', NULL, NULL, NULL, NULL, '5/5', '5/5', NULL),
(56, 122, '2014-01-09 10:30:18', 0, '-', '0', NULL, '5/5', '5/5', NULL),
(56, 123, '2017-01-10 10:30:18', NULL, NULL, NULL, '14/14', '5/5', '5/5', NULL),
(56, 124, '2019-01-10 10:30:18', NULL, NULL, NULL, '14/14', '5/5', '5/5', NULL),
(56, 125, '2019-01-10 10:30:18', NULL, NULL, NULL, NULL, '5/5', '5/5', NULL),
(57, 126, '2014-01-09 10:30:18', 0, '-', '0', NULL, '5/5', '5/5', NULL),
(57, 127, '2017-01-10 10:30:18', NULL, NULL, NULL, '14/14', '5/5', '5/5', NULL),
(57, 128, '2019-01-10 10:30:18', NULL, NULL, NULL, '14/14', '5/5', '5/5', NULL),
(57, 129, '2019-01-10 10:30:18', NULL, NULL, NULL, NULL, '5/5', '5/5', NULL),
(58, 130, '2014-01-09 10:30:18', 0, '-', '0', NULL, '5/5', '5/5', NULL),
(58, 131, '2017-01-10 10:30:18', NULL, NULL, NULL, '14/14', '5/5', '5/5', NULL),
(58, 132, '2019-01-10 10:30:18', NULL, NULL, NULL, '14/14', '5/5', '5/5', NULL),
(58, 133, '2019-01-10 10:30:18', NULL, NULL, NULL, NULL, '5/5', '5/5', NULL),
(59, 134, '2014-01-09 10:30:18', 0, '-', '0', NULL, '5/5', '5/5', NULL),
(59, 135, '2017-01-10 10:30:18', NULL, NULL, NULL, '14/14', '5/5', '5/5', NULL),
(59, 136, '2019-01-10 10:30:18', NULL, NULL, NULL, '14/14', '5/5', '5/5', NULL),
(59, 137, '2019-01-10 10:30:18', NULL, NULL, NULL, NULL, '5/5', '5/5', NULL),
(60, 138, '2014-01-09 10:30:18', 0, '-', '0', NULL, '5/5', '5/5', NULL),
(60, 139, '2017-01-10 10:30:18', NULL, NULL, NULL, '14/14', '5/5', '5/5', NULL),
(60, 140, '2019-01-10 10:30:18', NULL, NULL, NULL, '14/14', '5/5', '5/5', NULL),
(60, 141, '2019-01-10 10:30:18', NULL, NULL, NULL, NULL, '5/5', '5/5', NULL),
(61, 142, '2014-01-09 10:30:18', 0, '-', '0', NULL, '5/5', '5/5', NULL),
(61, 143, '2017-01-10 10:30:18', NULL, NULL, NULL, '14/14', '5/5', '5/5', NULL),
(61, 144, '2019-01-10 10:30:18', NULL, NULL, NULL, '14/14', '5/5', '5/5', NULL),
(61, 145, '2019-01-10 10:30:18', NULL, NULL, NULL, NULL, '5/5', '5/5', NULL),
(62, 146, '2013-01-10 10:30:18', 0, '-', '0', NULL, '5/5', '5/5', NULL),
(62, 147, '2016-01-08 10:30:18', NULL, NULL, NULL, '14/14', '5/5', '5/5', NULL),
(62, 148, '2018-01-10 10:30:18', NULL, NULL, NULL, '14/14', '5/5', '5/5', NULL),
(62, 149, '2018-01-10 10:30:18', NULL, NULL, NULL, NULL, '5/5', '5/5', NULL),
(62, 150, '2022-01-10 10:30:18', NULL, NULL, NULL, NULL, '5/5', '5/5', NULL),
(63, 151, '2013-01-10 10:30:18', 0, '-', '0', NULL, '5/5', '5/5', NULL),
(63, 152, '2016-01-08 10:30:18', NULL, NULL, NULL, '14/14', '5/5', '5/5', NULL),
(63, 153, '2018-01-10 10:30:18', NULL, NULL, NULL, '14/14', '5/5', '5/5', NULL),
(63, 154, '2018-01-10 10:30:18', NULL, NULL, NULL, NULL, '5/5', '5/5', NULL),
(63, 155, '2022-01-10 10:30:18', NULL, NULL, NULL, NULL, '5/5', '5/5', NULL),
(64, 156, '2013-01-10 10:30:18', 0, '-', '0', NULL, '5/5', '5/5', NULL),
(64, 157, '2016-01-08 10:30:18', NULL, NULL, NULL, '14/14', '5/5', '5/5', NULL),
(64, 158, '2018-01-10 10:30:18', NULL, NULL, NULL, '14/14', '5/5', '5/5', NULL),
(64, 159, '2018-01-10 10:30:18', NULL, NULL, NULL, NULL, '5/5', '5/5', NULL),
(64, 160, '2022-01-10 10:30:18', NULL, NULL, NULL, NULL, '5/5', '5/5', NULL),
(65, 161, '2013-01-10 10:30:18', 0, '-', '0', NULL, '5/5', '5/5', NULL),
(65, 162, '2016-01-08 10:30:18', NULL, NULL, NULL, '14/14', '5/5', '5/5', NULL),
(65, 163, '2018-01-10 10:30:18', NULL, NULL, NULL, '14/14', '5/5', '5/5', NULL),
(65, 164, '2018-01-10 10:30:18', NULL, NULL, NULL, NULL, '5/5', '5/5', NULL),
(65, 165, '2022-01-10 10:30:18', NULL, NULL, NULL, NULL, '5/5', '5/5', NULL),
(66, 166, '2013-01-10 10:30:18', 0, '-', '0', NULL, '5/5', '5/5', NULL),
(66, 167, '2016-01-08 10:30:18', NULL, NULL, NULL, '14/14', '5/5', '5/5', NULL),
(66, 168, '2018-01-10 10:30:18', NULL, NULL, NULL, '14/14', '5/5', '5/5', NULL),
(66, 169, '2018-01-10 10:30:18', NULL, NULL, NULL, NULL, '5/5', '5/5', NULL),
(66, 170, '2022-01-10 10:30:18', NULL, NULL, NULL, NULL, '5/5', '5/5', NULL),
(67, 171, '2013-01-10 10:30:18', 0, '-', '0', NULL, '5/5', '5/5', NULL),
(67, 172, '2016-01-08 10:30:18', NULL, NULL, NULL, '14/14', '5/5', '5/5', NULL),
(67, 173, '2018-01-10 10:30:18', NULL, NULL, NULL, '14/14', '5/5', '5/5', NULL),
(67, 174, '2018-01-10 10:30:18', NULL, NULL, NULL, NULL, '5/5', '5/5', NULL),
(67, 175, '2022-01-10 10:30:18', NULL, NULL, NULL, NULL, '5/5', '5/5', NULL),
(68, 176, '2013-01-10 10:30:18', 0, '-', '0', NULL, '5/5', '5/5', NULL),
(68, 177, '2016-01-08 10:30:18', NULL, NULL, NULL, '14/14', '5/5', '5/5', NULL),
(68, 178, '2018-01-10 10:30:18', NULL, NULL, NULL, '14/14', '5/5', '5/5', NULL),
(68, 179, '2018-01-10 10:30:18', NULL, NULL, NULL, NULL, '5/5', '5/5', NULL),
(68, 180, '2022-01-10 10:30:18', NULL, NULL, NULL, NULL, '5/5', '5/5', NULL),
(69, 181, '2012-01-10 10:30:18', 0, '-', '0', NULL, '5/5', '5/5', NULL),
(69, 182, '2015-01-08 10:30:18', NULL, NULL, NULL, '14/14', '5/5', '5/5', NULL),
(69, 183, '2017-01-10 10:30:18', NULL, NULL, NULL, '14/14', '5/5', '5/5', NULL),
(69, 184, '2017-01-10 10:30:18', NULL, NULL, NULL, NULL, '5/5', '5/5', NULL),
(69, 185, '2021-01-10 10:30:18', NULL, NULL, NULL, NULL, '5/5', '5/5', NULL),
(70, 186, '2012-01-10 10:30:18', 0, '-', '0', NULL, '5/5', '5/5', NULL),
(70, 187, '2015-01-08 10:30:18', NULL, NULL, NULL, '14/14', '5/5', '5/5', NULL),
(70, 188, '2017-01-10 10:30:18', NULL, NULL, NULL, '14/14', '5/5', '5/5', NULL),
(70, 189, '2017-01-10 10:30:18', NULL, NULL, NULL, NULL, '5/5', '5/5', NULL),
(70, 190, '2021-01-10 10:30:18', NULL, NULL, NULL, NULL, '5/5', '5/5', NULL),
(71, 191, '2012-01-10 10:30:18', 0, '-', '0', NULL, '5/5', '5/5', NULL),
(71, 192, '2015-01-08 10:30:18', NULL, NULL, NULL, '14/14', '5/5', '5/5', NULL),
(71, 193, '2017-01-10 10:30:18', NULL, NULL, NULL, '14/14', '5/5', '5/5', NULL),
(71, 194, '2017-01-10 10:30:18', NULL, NULL, NULL, NULL, '5/5', '5/5', NULL),
(71, 195, '2021-01-10 10:30:18', NULL, NULL, NULL, NULL, '5/5', '5/5', NULL),
(72, 196, '2012-01-10 10:30:18', 0, '-', '0', NULL, '5/5', '5/5', NULL),
(72, 197, '2015-01-08 10:30:18', NULL, NULL, NULL, '14/14', '5/5', '5/5', NULL),
(72, 198, '2017-01-10 10:30:18', NULL, NULL, NULL, '14/14', '5/5', '5/5', NULL),
(72, 199, '2017-01-10 10:30:18', NULL, NULL, NULL, NULL, '5/5', '5/5', NULL),
(72, 200, '2021-01-10 10:30:18', NULL, NULL, NULL, NULL, '5/5', '5/5', NULL),
(73, 201, '2012-01-10 10:30:18', 0, '-', '0', NULL, '5/5', '5/5', NULL),
(73, 202, '2015-01-08 10:30:18', NULL, NULL, NULL, '14/14', '5/5', '5/5', NULL),
(73, 203, '2017-01-10 10:30:18', NULL, NULL, NULL, '14/14', '5/5', '5/5', NULL),
(73, 204, '2017-01-10 10:30:18', NULL, NULL, NULL, NULL, '5/5', '5/5', NULL),
(73, 205, '2021-01-10 10:30:18', NULL, NULL, NULL, NULL, '5/5', '5/5', NULL),
(74, 206, '2012-01-10 10:30:18', 0, '-', '0', NULL, '5/5', '5/5', NULL),
(74, 207, '2015-01-08 10:30:18', NULL, NULL, NULL, '14/14', '5/5', '5/5', NULL),
(74, 208, '2017-01-10 10:30:18', NULL, NULL, NULL, '14/14', '5/5', '5/5', NULL),
(74, 209, '2017-01-10 10:30:18', NULL, NULL, NULL, NULL, '5/5', '5/5', NULL),
(74, 210, '2021-01-10 10:30:18', NULL, NULL, NULL, NULL, '5/5', '5/5', NULL),
(75, 211, '2012-01-10 10:30:18', 0, '-', '0', NULL, '5/5', '5/5', NULL),
(75, 212, '2015-01-08 10:30:18', NULL, NULL, NULL, '14/14', '5/5', '5/5', NULL),
(75, 213, '2017-01-10 10:30:18', NULL, NULL, NULL, '14/14', '5/5', '5/5', NULL),
(75, 214, '2017-01-10 10:30:18', NULL, NULL, NULL, NULL, '5/5', '5/5', NULL),
(75, 215, '2021-01-10 10:30:18', NULL, NULL, NULL, NULL, '5/5', '5/5', NULL),
(76, 216, '2011-01-10 10:30:18', 0, '-', '0', NULL, '5/5', '5/5', NULL),
(76, 217, '2014-01-08 10:30:18', NULL, NULL, NULL, '14/14', '5/5', '5/5', NULL),
(76, 218, '2016-01-10 10:30:18', NULL, NULL, NULL, '14/14', '5/5', '5/5', NULL),
(76, 219, '2016-01-10 10:30:18', NULL, NULL, NULL, NULL, '5/5', '5/5', NULL),
(76, 220, '2020-01-10 10:30:18', NULL, NULL, NULL, NULL, '5/5', '5/5', NULL),
(77, 221, '2011-01-10 10:30:18', 0, '-', '0', NULL, '5/5', '5/5', NULL),
(77, 222, '2014-01-08 10:30:18', NULL, NULL, NULL, '14/14', '5/5', '5/5', NULL),
(77, 223, '2016-01-10 10:30:18', NULL, NULL, NULL, '14/14', '5/5', '5/5', NULL),
(77, 224, '2016-01-10 10:30:18', NULL, NULL, NULL, NULL, '5/5', '5/5', NULL),
(77, 225, '2020-01-10 10:30:18', NULL, NULL, NULL, NULL, '5/5', '5/5', NULL),
(78, 226, '2011-01-10 10:30:18', 0, '-', '0', NULL, '5/5', '5/5', NULL),
(78, 227, '2014-01-08 10:30:18', NULL, NULL, NULL, '14/14', '5/5', '5/5', NULL),
(78, 228, '2016-01-10 10:30:18', NULL, NULL, NULL, '14/14', '5/5', '5/5', NULL),
(78, 229, '2016-01-10 10:30:18', NULL, NULL, NULL, NULL, '5/5', '5/5', NULL),
(78, 230, '2020-01-10 10:30:18', NULL, NULL, NULL, NULL, '5/5', '5/5', NULL),
(79, 231, '2011-01-10 10:30:18', 0, '-', '0', NULL, '5/5', '5/5', NULL),
(79, 232, '2014-01-08 10:30:18', NULL, NULL, NULL, '14/14', '5/5', '5/5', NULL),
(79, 233, '2016-01-10 10:30:18', NULL, NULL, NULL, '14/14', '5/5', '5/5', NULL),
(79, 234, '2016-01-10 10:30:18', NULL, NULL, NULL, NULL, '5/5', '5/5', NULL),
(79, 235, '2020-01-10 10:30:18', NULL, NULL, NULL, NULL, '5/5', '5/5', NULL),
(80, 236, '2011-01-10 10:30:18', 0, '-', '0', NULL, '5/5', '5/5', NULL),
(80, 237, '2014-01-08 10:30:18', NULL, NULL, NULL, '14/14', '5/5', '5/5', NULL),
(80, 238, '2016-01-10 10:30:18', NULL, NULL, NULL, '14/14', '5/5', '5/5', NULL),
(80, 239, '2016-01-10 10:30:18', NULL, NULL, NULL, NULL, '5/5', '5/5', NULL),
(80, 240, '2020-01-10 10:30:18', NULL, NULL, NULL, NULL, '5/5', '5/5', NULL),
(81, 241, '2011-01-10 10:30:18', 0, '-', '0', NULL, '5/5', '5/5', NULL),
(81, 242, '2014-01-08 10:30:18', NULL, NULL, NULL, '14/14', '5/5', '5/5', NULL),
(81, 243, '2016-01-10 10:30:18', NULL, NULL, NULL, '14/14', '5/5', '5/5', NULL),
(81, 244, '2016-01-10 10:30:18', NULL, NULL, NULL, NULL, '5/5', '5/5', NULL),
(81, 245, '2020-01-10 10:30:18', NULL, NULL, NULL, NULL, '5/5', '5/5', NULL),
(82, 246, '2011-01-10 10:30:18', 0, '-', '0', NULL, '5/5', '5/5', NULL),
(82, 247, '2014-01-08 10:30:18', NULL, NULL, NULL, '14/14', '5/5', '5/5', NULL),
(82, 248, '2016-01-10 10:30:18', NULL, NULL, NULL, '14/14', '5/5', '5/5', NULL),
(82, 249, '2016-01-10 10:30:18', NULL, NULL, NULL, NULL, '5/5', '5/5', NULL),
(82, 250, '2020-01-10 10:30:18', NULL, NULL, NULL, NULL, '5/5', '5/5', NULL),
(83, 251, '2010-01-08 10:30:18', 0, '-', '0', NULL, '5/5', '5/5', NULL),
(83, 252, '2013-01-10 10:30:18', NULL, NULL, NULL, '14/14', '5/5', '5/5', NULL),
(83, 253, '2015-01-09 10:30:18', NULL, NULL, NULL, '14/14', '5/5', '5/5', NULL),
(83, 254, '2015-01-09 10:30:18', NULL, NULL, NULL, NULL, '5/5', '5/5', NULL),
(83, 255, '2019-01-10 10:30:18', NULL, NULL, NULL, NULL, '5/5', '5/5', NULL),
(83, 256, '2022-01-10 10:30:18', NULL, NULL, NULL, NULL, '5/5', '5/5', NULL),
(84, 257, '2010-01-08 10:30:18', 0, '-', '0', NULL, '5/5', '5/5', NULL),
(84, 258, '2013-01-10 10:30:18', NULL, NULL, NULL, '14/14', '5/5', '5/5', NULL),
(84, 259, '2015-01-09 10:30:18', NULL, NULL, NULL, '14/14', '5/5', '5/5', NULL),
(84, 260, '2015-01-09 10:30:18', NULL, NULL, NULL, NULL, '5/5', '5/5', NULL),
(84, 261, '2019-01-10 10:30:18', NULL, NULL, NULL, NULL, '5/5', '5/5', NULL),
(84, 262, '2022-01-10 10:30:18', NULL, NULL, NULL, NULL, '5/5', '5/5', NULL),
(85, 263, '2010-01-08 10:30:18', 0, '-', '0', NULL, '5/5', '5/5', NULL),
(85, 264, '2013-01-10 10:30:18', NULL, NULL, NULL, '14/14', '5/5', '5/5', NULL),
(85, 265, '2015-01-09 10:30:18', NULL, NULL, NULL, '14/14', '5/5', '5/5', NULL),
(85, 266, '2015-01-09 10:30:18', NULL, NULL, NULL, NULL, '5/5', '5/5', NULL),
(85, 267, '2019-01-10 10:30:18', NULL, NULL, NULL, NULL, '5/5', '5/5', NULL),
(85, 268, '2022-01-10 10:30:18', NULL, NULL, NULL, NULL, '5/5', '5/5', NULL),
(86, 269, '2010-01-08 10:30:18', 0, '-', '0', NULL, '5/5', '5/5', NULL),
(86, 270, '2013-01-10 10:30:18', NULL, NULL, NULL, '14/14', '5/5', '5/5', NULL),
(86, 271, '2015-01-09 10:30:18', NULL, NULL, NULL, '14/14', '5/5', '5/5', NULL),
(86, 272, '2015-01-09 10:30:18', NULL, NULL, NULL, NULL, '5/5', '5/5', NULL),
(86, 273, '2019-01-10 10:30:18', NULL, NULL, NULL, NULL, '5/5', '5/5', NULL),
(86, 274, '2022-01-10 10:30:18', NULL, NULL, NULL, NULL, '5/5', '5/5', NULL),
(87, 275, '2010-01-08 10:30:18', 0, '-', '0', NULL, '5/5', '5/5', NULL),
(87, 276, '2013-01-10 10:30:18', NULL, NULL, NULL, '14/14', '5/5', '5/5', NULL),
(87, 277, '2015-01-09 10:30:18', NULL, NULL, NULL, '14/14', '5/5', '5/5', NULL),
(87, 278, '2015-01-09 10:30:18', NULL, NULL, NULL, NULL, '5/5', '5/5', NULL),
(87, 279, '2019-01-10 10:30:18', NULL, NULL, NULL, NULL, '5/5', '5/5', NULL),
(87, 280, '2022-01-10 10:30:18', NULL, NULL, NULL, NULL, '5/5', '5/5', NULL),
(88, 281, '2010-01-08 10:30:18', 0, '-', '0', NULL, '5/5', '5/5', NULL),
(88, 282, '2013-01-10 10:30:18', NULL, NULL, NULL, '14/14', '5/5', '5/5', NULL),
(88, 283, '2015-01-09 10:30:18', NULL, NULL, NULL, '14/14', '5/5', '5/5', NULL),
(88, 284, '2015-01-09 10:30:18', NULL, NULL, NULL, NULL, '5/5', '5/5', NULL),
(88, 285, '2019-01-10 10:30:18', NULL, NULL, NULL, NULL, '5/5', '5/5', NULL),
(88, 286, '2022-01-10 10:30:18', NULL, NULL, NULL, NULL, '5/5', '5/5', NULL),
(89, 287, '2010-01-08 10:30:18', 0, '-', '0', NULL, '5/5', '5/5', NULL),
(89, 288, '2013-01-10 10:30:18', NULL, NULL, NULL, '14/14', '5/5', '5/5', NULL),
(89, 289, '2015-01-09 10:30:18', NULL, NULL, NULL, '14/14', '5/5', '5/5', NULL),
(89, 290, '2015-01-09 10:30:18', NULL, NULL, NULL, NULL, '5/5', '5/5', NULL),
(89, 291, '2019-01-10 10:30:18', NULL, NULL, NULL, NULL, '5/5', '5/5', NULL),
(89, 292, '2022-01-10 10:30:18', NULL, NULL, NULL, NULL, '5/5', '5/5', NULL);

-- --------------------------------------------------------

--
-- Struktura tabeli dla tabeli `lekarz`
--

CREATE TABLE `lekarz` (
  `Id_Lekarz` int(11) NOT NULL,
  `Profesja` varchar(200) COLLATE utf8_polish_ci DEFAULT NULL
) ENGINE=InnoDB DEFAULT CHARSET=utf8 COLLATE=utf8_polish_ci;

--
-- Zrzut danych tabeli `lekarz`
--

INSERT INTO `lekarz` (`Id_Lekarz`, `Profesja`) VALUES
(1, 'pediatra'),
(2, 'kardiolog'),
(3, 'chirurg dziecięcy'),
(4, 'laryngolog'),
(5, 'neurolog'),
(6, 'anestezjolog');

-- --------------------------------------------------------

--
-- Struktura tabeli dla tabeli `nurse`
--

CREATE TABLE `nurse` (
  `Id` int(11) NOT NULL,
  `Imie` varchar(25) COLLATE utf8_polish_ci NOT NULL,
  `Nazwisko` varchar(30) COLLATE utf8_polish_ci NOT NULL,
  `Login` varchar(30) COLLATE utf8_polish_ci NOT NULL,
  `Haslo` varchar(60) COLLATE utf8_polish_ci NOT NULL,
  `Numer_telefonu` varchar(9) COLLATE utf8_polish_ci NOT NULL,
  `Email` varchar(50) COLLATE utf8_polish_ci NOT NULL,
  `Licencja` varchar(10) COLLATE utf8_polish_ci NOT NULL
) ENGINE=InnoDB DEFAULT CHARSET=utf8 COLLATE=utf8_polish_ci;

--
-- Zrzut danych tabeli `nurse`
--

INSERT INTO `nurse` (`Id`, `Imie`, `Nazwisko`, `Login`, `Haslo`, `Numer_telefonu`, `Email`, `Licencja`) VALUES
(1, 'Adam', 'Wołoszek', 'awoloszek', '$2y$10$pKGyVI8che/JdXx32Rit6OJBvvvtmjWXOqvdYjxm3sOo9qi39RivK', '653582373', 'awoloszek@enurse.pl', '2398840P'),
(2, 'Katarzyna', 'Mazur', 'kmazur', '$2y$10$3cfTK8eAPJ/0X4/Achh.zeg4cC8EirObO3uRsGRMo0tEfeFoQjZ6G', '536950803', 'kmazur@enurse.pl', '7489671P'),
(3, 'Gustaw', 'Towarek', 'gtowarek', '$2y$10$82L1Jqwejx31dB3j9znP7ebbcVHLiQ3tSgjXwMh05goZuj55IoeKa', '229664314', 'gtowarek@enurse.pl', '6396456P'),
(4, 'Lena', 'Dąbrowska', 'ldabrowska', '$2y$10$xQRYxpMSYbJYCw7yJCrbqulg1qzFZBrbawkPVxsM/uuuKW6NvziCi', '120251702', 'ldabrowska@enurse.pl', '7914340P');

-- --------------------------------------------------------

--
-- Struktura tabeli dla tabeli `nurse_school`
--

CREATE TABLE `nurse_school` (
  `School_Id` int(11) NOT NULL,
  `Nurse_Id` int(11) NOT NULL
) ENGINE=InnoDB DEFAULT CHARSET=utf8 COLLATE=utf8_polish_ci;

--
-- Zrzut danych tabeli `nurse_school`
--

INSERT INTO `nurse_school` (`School_Id`, `Nurse_Id`) VALUES
(4, 1),
(4, 4),
(5, 2),
(5, 3);

-- --------------------------------------------------------

--
-- Struktura tabeli dla tabeli `testy_przesiewowe`
--

CREATE TABLE `testy_przesiewowe` (
  `Id_Przesiewu` int(11) NOT NULL,
  `Klasa_Przesiewowa` varchar(50) COLLATE utf8_polish_ci DEFAULT NULL,
  `Rodzaj_Przesiewu` varchar(400) COLLATE utf8_polish_ci DEFAULT NULL
) ENGINE=InnoDB DEFAULT CHARSET=utf8 COLLATE=utf8_polish_ci;

--
-- Zrzut danych tabeli `testy_przesiewowe`
--

INSERT INTO `testy_przesiewowe` (`Id_Przesiewu`, `Klasa_Przesiewowa`, `Rodzaj_Przesiewu`) VALUES
(1, 'Szkoła podstawowa, Kl. 0', 'Pomiar wysokości'),
(2, 'Szkoła podstawowa, Kl. 0', 'Pomiar masy ciała'),
(3, 'Szkoła podstawowa, Kl. 0', 'Cover test'),
(4, 'Szkoła podstawowa, Kl. 0', 'Test Hirschberga(w kierunku zeza)'),
(5, 'Szkoła podstawowa, Kl. 0', 'Badanie ostrości wzroku'),
(6, 'Szkoła podstawowa, Kl. 0', 'Badanie słuchu'),
(7, 'Szkoła podstawowa, Kl. 0', 'Wykrywanie bocznego skrzywienia kręgosłupa'),
(8, 'Szkoła podstawowa, Kl. 0', 'Wykrywanie płasko-koślawych stóp'),
(9, 'Szkoła podstawowa, Kl. 0', 'Wykrywanie koślawości kolan'),
(10, 'Szkoła podstawowa, Kl. 0', 'Orientacyjne wykrywanie wady wymowy'),
(11, 'Szkoła podstawowa, Kl. 0', 'Orientacyjne wykrywanie zaburzeń statyki ciała'),
(12, 'Szkoła podstawowa, Kl. 0', 'Pomiar RR'),
(13, 'Szkoła podstawowa, Kl. 3', 'Pomiar wysokości'),
(14, 'Szkoła podstawowa, Kl. 3', 'Pomiar masy ciała'),
(15, 'Szkoła podstawowa, Kl. 3', 'Badanie ostrości wzroku'),
(16, 'Szkoła podstawowa, Kl. 3', 'Wykrywanie zaburzeń widzenia barwnego'),
(17, 'Szkoła podstawowa, Kl. 3', 'Wykrywanie bocznego skrzywienia kręgosłupa'),
(18, 'Szkoła podstawowa, Kl. 5', 'Pomiar wysokości'),
(19, 'Szkoła podstawowa, Kl. 5', 'Pomiar masy ciała'),
(20, 'Szkoła podstawowa, Kl. 5', 'Badanie ostrości wzroku'),
(21, 'Szkoła podstawowa, Kl. 5', 'Wykrywanie zaburzeń widzenia barwnego'),
(22, 'Szkoła podstawowa, Kl. 5', 'Wykrywanie bocznego skrzywienia kręgosłupa'),
(23, 'Szkoła podstawowa, Kl. 7', 'Pomiar wysokości'),
(24, 'Szkoła podstawowa, Kl. 7', 'Pomiar masy ciała'),
(25, 'Szkoła podstawowa, Kl. 7', 'Badanie ostrości wzroku'),
(26, 'Szkoła podstawowa, Kl. 7', 'Badanie słuchu'),
(27, 'Szkoła podstawowa, Kl. 7', 'Wykrywanie bocznego skrzywienia kręgosłupa'),
(28, 'Szkoła podstawowa, Kl. 7', 'Wykrywanie nadmiernej kifozy'),
(29, 'Szkoła podstawowa, Kl. 7', 'Pomiar RR'),
(30, 'Szkoła Ponadpodstawowa, Kl. 1', 'Pomiar wysokości'),
(31, 'Szkoła Ponadpodstawowa, Kl. 1', 'Pomiar masy ciała'),
(32, 'Szkoła Ponadpodstawowa, Kl. 1', 'Badanie ostrości wzroku'),
(33, 'Szkoła Ponadpodstawowa, Kl. 1', 'Wykrywanie bocznego skrzywienia kręgosłupa'),
(34, 'Szkoła Ponadpodstawowa, Kl. 1', 'Wykrywanie nadmiernej kifozy'),
(35, 'Szkoła Ponadpodstawowa, Kl. 1', 'Pomiar RR'),
(36, 'Szkoła Ponadpodstawowa, Kl. ostatnia', 'Pomiar wysokości'),
(37, 'Szkoła Ponadpodstawowa, Kl. ostatnia', 'Pomiar masy ciała'),
(38, 'Szkoła Ponadpodstawowa, Kl. ostatnia', 'Badanie ostrości wzroku'),
(39, 'Szkoła Ponadpodstawowa, Kl. ostatnia', 'Pomiar RR');

-- --------------------------------------------------------

--
-- Struktura tabeli dla tabeli `uczen_help`
--

CREATE TABLE `uczen_help` (
  `Id_Ucznia` int(11) NOT NULL,
  `Data` datetime NOT NULL,
  `Zgoda_Na_Swiadczenia_Pielegniarki` tinyint(1) NOT NULL,
  `Zgoda_Na_Info_Kadry_O_Zdrowiu` tinyint(1) NOT NULL
) ENGINE=InnoDB DEFAULT CHARSET=utf8 COLLATE=utf8_polish_ci;

--
-- Zrzut danych tabeli `uczen_help`
--

INSERT INTO `uczen_help` (`Id_Ucznia`, `Data`, `Zgoda_Na_Swiadczenia_Pielegniarki`, `Zgoda_Na_Info_Kadry_O_Zdrowiu`) VALUES
(1, '2021-09-07 10:17:18', 0, 0),
(2, '2021-09-07 10:17:18', 1, 1),
(3, '2021-09-07 10:17:18', 1, 1),
(4, '2021-09-07 10:17:18', 1, 1),
(5, '2021-09-07 10:17:18', 1, 1),
(6, '2021-09-07 10:17:18', 1, 1),
(7, '2021-09-07 10:17:18', 1, 1),
(8, '2021-09-07 10:17:18', 1, 1),
(9, '2021-09-07 10:17:18', 1, 1),
(10, '2021-09-07 10:17:18', 1, 1),
(11, '2021-09-07 10:17:18', 1, 1),
(12, '2021-09-07 10:17:18', 1, 1),
(13, '2021-09-07 10:17:18', 1, 1),
(14, '2021-09-07 10:17:18', 1, 1),
(15, '2021-09-07 10:17:18', 1, 1),
(16, '2021-09-07 10:17:18', 1, 1),
(17, '2021-09-07 10:17:18', 0, 1),
(18, '2021-09-07 10:17:18', 1, 1),
(19, '2021-09-07 10:17:18', 1, 1),
(20, '2021-09-07 10:17:18', 1, 1),
(21, '2021-09-07 10:17:18', 1, 1),
(22, '2021-09-07 10:17:18', 1, 1),
(23, '2021-09-07 10:17:18', 1, 1),
(24, '2021-09-07 10:17:18', 1, 1),
(25, '2021-09-07 10:17:18', 1, 1),
(26, '2021-09-07 10:17:18', 1, 1),
(27, '2021-09-07 10:17:18', 1, 1),
(28, '2021-09-07 10:17:18', 1, 1),
(29, '2021-09-07 10:17:18', 1, 1),
(30, '2021-09-07 10:17:18', 1, 1),
(31, '2021-09-07 10:17:18', 1, 1),
(32, '2021-09-07 10:17:18', 1, 1),
(33, '2021-09-07 10:17:18', 1, 1),
(34, '2021-09-07 10:17:18', 1, 1),
(35, '2021-09-07 10:17:18', 1, 1),
(36, '2021-09-07 10:17:18', 1, 1),
(37, '2021-09-07 10:17:18', 1, 1),
(38, '2021-09-07 10:17:18', 1, 1),
(39, '2021-09-07 10:17:18', 1, 1),
(40, '2021-09-07 10:17:18', 1, 1),
(41, '2021-09-07 10:17:18', 1, 1),
(42, '2021-09-07 10:17:18', 1, 1),
(43, '2021-09-07 10:17:18', 1, 1),
(44, '2021-09-07 10:17:18', 1, 1),
(45, '2021-09-07 10:17:18', 1, 1),
(46, '2021-09-07 10:17:18', 1, 1),
(47, '2021-09-07 10:17:18', 1, 1),
(48, '2021-09-07 10:17:18', 1, 1),
(49, '2021-09-07 10:17:18', 1, 1),
(50, '2021-09-07 10:17:18', 1, 1),
(51, '2021-09-07 10:17:18', 1, 1),
(52, '2021-09-07 10:17:18', 1, 1),
(53, '2021-09-07 10:17:18', 1, 1),
(54, '2021-09-07 10:17:18', 1, 1),
(55, '2021-09-07 10:17:18', 1, 1),
(56, '2021-09-07 10:17:18', 1, 1),
(57, '2021-09-07 10:17:18', 1, 1),
(58, '2021-09-07 10:17:18', 1, 1),
(59, '2021-09-07 10:17:18', 1, 1),
(60, '2021-09-07 10:17:18', 1, 1),
(61, '2021-09-07 10:17:18', 1, 1),
(62, '2021-09-07 10:17:18', 1, 1),
(63, '2021-09-07 10:17:18', 1, 1),
(64, '2021-09-08 11:18:34', 1, 1),
(65, '2021-09-08 11:18:34', 1, 1),
(66, '2021-09-08 11:18:34', 1, 1),
(67, '2021-09-08 11:18:34', 1, 1),
(68, '2021-09-08 11:18:34', 1, 1),
(69, '2021-09-08 11:18:34', 1, 1),
(70, '2021-09-08 11:18:34', 1, 1),
(71, '2021-09-08 11:18:34', 1, 1),
(72, '2021-09-08 11:18:34', 1, 1),
(73, '2021-09-08 11:18:34', 1, 1),
(74, '2021-09-08 11:18:34', 1, 1),
(75, '2021-09-08 11:18:34', 1, 1),
(76, '2021-09-08 11:18:34', 1, 1),
(77, '2021-09-08 11:18:34', 1, 1),
(78, '2021-09-08 11:18:34', 1, 1),
(79, '2021-09-08 11:18:34', 1, 1),
(80, '2021-09-08 11:18:34', 1, 1),
(81, '2021-09-08 11:18:34', 1, 1),
(82, '2021-09-08 11:18:34', 1, 1),
(83, '2021-09-08 11:18:34', 1, 1),
(84, '2021-09-08 11:18:34', 1, 1),
(85, '2021-09-08 11:18:34', 1, 1),
(86, '2021-09-08 11:18:34', 1, 1),
(87, '2021-09-08 11:18:34', 1, 1),
(88, '2021-09-08 11:18:34', 1, 1),
(89, '2021-09-08 11:18:34', 1, 1),
(90, '2021-09-08 11:18:34', 1, 1),
(91, '2021-09-08 11:18:34', 1, 1);

--
-- Indeksy dla zrzutów tabel
--

--
-- Indeksy dla tabeli `choroby`
--
ALTER TABLE `choroby`
  ADD PRIMARY KEY (`id_choroby`);

--
-- Indeksy dla tabeli `dziennik`
--
ALTER TABLE `dziennik`
  ADD PRIMARY KEY (`Id_Wpisu`),
  ADD KEY `nurse_index` (`Nurse_Id`),
  ADD KEY `Id_Ucznia` (`Id_Ucznia`),
  ADD KEY `Id_Klasy` (`Id_Klasy`),
  ADD KEY `Id_Szkoly` (`Id_Szkoly`);

--
-- Indeksy dla tabeli `kzu`
--
ALTER TABLE `kzu`
  ADD PRIMARY KEY (`Id_Karty`),
  ADD KEY `ind_kzunurse` (`Nurse_Id`),
  ADD KEY `Id_Ucznia` (`Id_Ucznia`);

--
-- Indeksy dla tabeli `kzu_choroby`
--
ALTER TABLE `kzu_choroby`
  ADD PRIMARY KEY (`Id_Karty`,`Id_Choroby`) USING BTREE,
  ADD KEY `kzu_choroby_ibfk_2` (`Id_Choroby`);

--
-- Indeksy dla tabeli `kzu_cisnienie_tetnicze_krwi`
--
ALTER TABLE `kzu_cisnienie_tetnicze_krwi`
  ADD PRIMARY KEY (`Id_Badania`),
  ADD KEY `Id_Karty` (`Id_Karty`);

--
-- Indeksy dla tabeli `kzu_inne`
--
ALTER TABLE `kzu_inne`
  ADD PRIMARY KEY (`Id_Badania`),
  ADD KEY `Id_Karty` (`Id_Karty`);

--
-- Indeksy dla tabeli `kzu_kwalifikacja_wf`
--
ALTER TABLE `kzu_kwalifikacja_wf`
  ADD PRIMARY KEY (`Id_Kwalifikacji`),
  ADD KEY `Id_Karty` (`Id_Karty`);

--
-- Indeksy dla tabeli `kzu_problemy`
--
ALTER TABLE `kzu_problemy`
  ADD PRIMARY KEY (`Id_Problemu`),
  ADD KEY `Id_Karty` (`Id_Karty`);

--
-- Indeksy dla tabeli `kzu_skierowania`
--
ALTER TABLE `kzu_skierowania`
  ADD PRIMARY KEY (`Id_Skierowania`),
  ADD KEY `Id_Karty` (`Id_Karty`),
  ADD KEY `Id_Lekarz` (`Id_Lekarz`);

--
-- Indeksy dla tabeli `kzu_sluch`
--
ALTER TABLE `kzu_sluch`
  ADD PRIMARY KEY (`Id_Badania`),
  ADD KEY `Id_Karty` (`Id_Karty`);

--
-- Indeksy dla tabeli `kzu_testy_do_wykrycia`
--
ALTER TABLE `kzu_testy_do_wykrycia`
  ADD PRIMARY KEY (`Id_Badania`),
  ADD KEY `Id_Karty` (`Id_Karty`);

--
-- Indeksy dla tabeli `kzu_testy_przesiewowe`
--
ALTER TABLE `kzu_testy_przesiewowe`
  ADD PRIMARY KEY (`Id_Badania`),
  ADD KEY `Id_Karty` (`Id_Karty`);

--
-- Indeksy dla tabeli `kzu_wywiady_srodowiskowe`
--
ALTER TABLE `kzu_wywiady_srodowiskowe`
  ADD PRIMARY KEY (`Id_Wywiadu`),
  ADD KEY `Id_Karty` (`Id_Karty`);

--
-- Indeksy dla tabeli `kzu_wzrok`
--
ALTER TABLE `kzu_wzrok`
  ADD PRIMARY KEY (`Id_Badania`),
  ADD KEY `Id_Karty` (`Id_Karty`);

--
-- Indeksy dla tabeli `lekarz`
--
ALTER TABLE `lekarz`
  ADD PRIMARY KEY (`Id_Lekarz`);

--
-- Indeksy dla tabeli `nurse`
--
ALTER TABLE `nurse`
  ADD PRIMARY KEY (`Id`);

--
-- Indeksy dla tabeli `nurse_school`
--
ALTER TABLE `nurse_school`
  ADD PRIMARY KEY (`School_Id`,`Nurse_Id`),
  ADD KEY `Nurse_Id` (`Nurse_Id`);

--
-- Indeksy dla tabeli `testy_przesiewowe`
--
ALTER TABLE `testy_przesiewowe`
  ADD PRIMARY KEY (`Id_Przesiewu`);

--
-- Indeksy dla tabeli `uczen_help`
--
ALTER TABLE `uczen_help`
  ADD PRIMARY KEY (`Id_Ucznia`,`Data`);

--
-- AUTO_INCREMENT dla zrzuconych tabel
--

--
-- AUTO_INCREMENT dla tabeli `choroby`
--
ALTER TABLE `choroby`
  MODIFY `id_choroby` int(11) NOT NULL AUTO_INCREMENT, AUTO_INCREMENT=19;

--
-- AUTO_INCREMENT dla tabeli `dziennik`
--
ALTER TABLE `dziennik`
  MODIFY `Id_Wpisu` int(11) NOT NULL AUTO_INCREMENT, AUTO_INCREMENT=6;

--
-- AUTO_INCREMENT dla tabeli `kzu`
--
ALTER TABLE `kzu`
  MODIFY `Id_Karty` int(11) NOT NULL AUTO_INCREMENT, AUTO_INCREMENT=90;

--
-- AUTO_INCREMENT dla tabeli `kzu_cisnienie_tetnicze_krwi`
--
ALTER TABLE `kzu_cisnienie_tetnicze_krwi`
  MODIFY `Id_Badania` int(11) NOT NULL AUTO_INCREMENT, AUTO_INCREMENT=286;

--
-- AUTO_INCREMENT dla tabeli `kzu_inne`
--
ALTER TABLE `kzu_inne`
  MODIFY `Id_Badania` int(11) NOT NULL AUTO_INCREMENT, AUTO_INCREMENT=25;

--
-- AUTO_INCREMENT dla tabeli `kzu_kwalifikacja_wf`
--
ALTER TABLE `kzu_kwalifikacja_wf`
  MODIFY `Id_Kwalifikacji` int(11) NOT NULL AUTO_INCREMENT, AUTO_INCREMENT=90;

--
-- AUTO_INCREMENT dla tabeli `kzu_problemy`
--
ALTER TABLE `kzu_problemy`
  MODIFY `Id_Problemu` int(11) NOT NULL AUTO_INCREMENT, AUTO_INCREMENT=2;

--
-- AUTO_INCREMENT dla tabeli `kzu_skierowania`
--
ALTER TABLE `kzu_skierowania`
  MODIFY `Id_Skierowania` int(11) NOT NULL AUTO_INCREMENT;

--
-- AUTO_INCREMENT dla tabeli `kzu_sluch`
--
ALTER TABLE `kzu_sluch`
  MODIFY `Id_Badania` int(11) NOT NULL AUTO_INCREMENT, AUTO_INCREMENT=132;

--
-- AUTO_INCREMENT dla tabeli `kzu_testy_do_wykrycia`
--
ALTER TABLE `kzu_testy_do_wykrycia`
  MODIFY `Id_Badania` int(11) NOT NULL AUTO_INCREMENT, AUTO_INCREMENT=286;

--
-- AUTO_INCREMENT dla tabeli `kzu_testy_przesiewowe`
--
ALTER TABLE `kzu_testy_przesiewowe`
  MODIFY `Id_Badania` int(11) NOT NULL AUTO_INCREMENT, AUTO_INCREMENT=293;

--
-- AUTO_INCREMENT dla tabeli `kzu_wywiady_srodowiskowe`
--
ALTER TABLE `kzu_wywiady_srodowiskowe`
  MODIFY `Id_Wywiadu` int(11) NOT NULL AUTO_INCREMENT, AUTO_INCREMENT=2;

--
-- AUTO_INCREMENT dla tabeli `kzu_wzrok`
--
ALTER TABLE `kzu_wzrok`
  MODIFY `Id_Badania` int(11) NOT NULL AUTO_INCREMENT, AUTO_INCREMENT=293;

--
-- AUTO_INCREMENT dla tabeli `lekarz`
--
ALTER TABLE `lekarz`
  MODIFY `Id_Lekarz` int(11) NOT NULL AUTO_INCREMENT, AUTO_INCREMENT=7;

--
-- AUTO_INCREMENT dla tabeli `nurse`
--
ALTER TABLE `nurse`
  MODIFY `Id` int(11) NOT NULL AUTO_INCREMENT, AUTO_INCREMENT=5;

--
-- AUTO_INCREMENT dla tabeli `testy_przesiewowe`
--
ALTER TABLE `testy_przesiewowe`
  MODIFY `Id_Przesiewu` int(11) NOT NULL AUTO_INCREMENT, AUTO_INCREMENT=40;

--
-- Ograniczenia dla zrzutów tabel
--

--
-- Ograniczenia dla tabeli `dziennik`
--
ALTER TABLE `dziennik`
  ADD CONSTRAINT `dziennik_ibfk_1` FOREIGN KEY (`Nurse_Id`) REFERENCES `nurse` (`Id`),
  ADD CONSTRAINT `dziennik_ibfk_2` FOREIGN KEY (`Id_Klasy`) REFERENCES `e-dziennik`.`class` (`Id`) ON DELETE NO ACTION ON UPDATE CASCADE,
  ADD CONSTRAINT `dziennik_ibfk_3` FOREIGN KEY (`Id_Ucznia`) REFERENCES `e-dziennik`.`student` (`Id`) ON DELETE NO ACTION ON UPDATE CASCADE,
  ADD CONSTRAINT `dziennik_ibfk_4` FOREIGN KEY (`Id_Szkoly`) REFERENCES `e-dziennik`.`school` (`Id`) ON DELETE CASCADE ON UPDATE CASCADE;

--
-- Ograniczenia dla tabeli `kzu`
--
ALTER TABLE `kzu`
  ADD CONSTRAINT `kzu_ibfk_1` FOREIGN KEY (`Nurse_Id`) REFERENCES `nurse` (`Id`),
  ADD CONSTRAINT `kzu_ibfk_2` FOREIGN KEY (`Id_Ucznia`) REFERENCES `e-dziennik`.`student` (`Id`) ON DELETE CASCADE ON UPDATE CASCADE;

--
-- Ograniczenia dla tabeli `kzu_choroby`
--
ALTER TABLE `kzu_choroby`
  ADD CONSTRAINT `kzu_choroby_ibfk_1` FOREIGN KEY (`Id_Karty`) REFERENCES `kzu` (`Id_Karty`) ON UPDATE CASCADE,
  ADD CONSTRAINT `kzu_choroby_ibfk_2` FOREIGN KEY (`Id_Choroby`) REFERENCES `choroby` (`id_choroby`) ON DELETE CASCADE ON UPDATE CASCADE;

--
-- Ograniczenia dla tabeli `kzu_cisnienie_tetnicze_krwi`
--
ALTER TABLE `kzu_cisnienie_tetnicze_krwi`
  ADD CONSTRAINT `kzu_cisnienie_tetnicze_krwi_ibfk_1` FOREIGN KEY (`Id_Karty`) REFERENCES `kzu` (`Id_Karty`);

--
-- Ograniczenia dla tabeli `kzu_inne`
--
ALTER TABLE `kzu_inne`
  ADD CONSTRAINT `kzu_inne_ibfk_1` FOREIGN KEY (`Id_Karty`) REFERENCES `kzu` (`Id_Karty`);

--
-- Ograniczenia dla tabeli `kzu_kwalifikacja_wf`
--
ALTER TABLE `kzu_kwalifikacja_wf`
  ADD CONSTRAINT `kzu_kwalifikacja_wf_ibfk_1` FOREIGN KEY (`Id_Karty`) REFERENCES `kzu` (`Id_Karty`);

--
-- Ograniczenia dla tabeli `kzu_problemy`
--
ALTER TABLE `kzu_problemy`
  ADD CONSTRAINT `kzu_problemy_ibfk_1` FOREIGN KEY (`Id_Karty`) REFERENCES `kzu` (`Id_Karty`);

--
-- Ograniczenia dla tabeli `kzu_skierowania`
--
ALTER TABLE `kzu_skierowania`
  ADD CONSTRAINT `kzu_skierowania_ibfk_1` FOREIGN KEY (`Id_Karty`) REFERENCES `kzu` (`Id_Karty`),
  ADD CONSTRAINT `kzu_skierowania_ibfk_2` FOREIGN KEY (`Id_Lekarz`) REFERENCES `lekarz` (`Id_Lekarz`);

--
-- Ograniczenia dla tabeli `kzu_sluch`
--
ALTER TABLE `kzu_sluch`
  ADD CONSTRAINT `kzu_sluch_ibfk_1` FOREIGN KEY (`Id_Karty`) REFERENCES `kzu` (`Id_Karty`);

--
-- Ograniczenia dla tabeli `kzu_testy_do_wykrycia`
--
ALTER TABLE `kzu_testy_do_wykrycia`
  ADD CONSTRAINT `kzu_testy_do_wykrycia_ibfk_1` FOREIGN KEY (`Id_Karty`) REFERENCES `kzu` (`Id_Karty`);

--
-- Ograniczenia dla tabeli `kzu_testy_przesiewowe`
--
ALTER TABLE `kzu_testy_przesiewowe`
  ADD CONSTRAINT `kzu_testy_przesiewowe_ibfk_1` FOREIGN KEY (`Id_Karty`) REFERENCES `kzu` (`Id_Karty`);

--
-- Ograniczenia dla tabeli `kzu_wywiady_srodowiskowe`
--
ALTER TABLE `kzu_wywiady_srodowiskowe`
  ADD CONSTRAINT `kzu_wywiady_srodowiskowe_ibfk_1` FOREIGN KEY (`Id_Karty`) REFERENCES `kzu` (`Id_Karty`);

--
-- Ograniczenia dla tabeli `kzu_wzrok`
--
ALTER TABLE `kzu_wzrok`
  ADD CONSTRAINT `kzu_wzrok_ibfk_1` FOREIGN KEY (`Id_Karty`) REFERENCES `kzu` (`Id_Karty`);

--
-- Ograniczenia dla tabeli `nurse_school`
--
ALTER TABLE `nurse_school`
  ADD CONSTRAINT `nurse_school_ibfk_1` FOREIGN KEY (`Nurse_Id`) REFERENCES `nurse` (`Id`),
  ADD CONSTRAINT `nurse_school_ibfk_2` FOREIGN KEY (`School_Id`) REFERENCES `e-dziennik`.`school` (`Id`) ON DELETE CASCADE ON UPDATE CASCADE;

--
-- Ograniczenia dla tabeli `uczen_help`
--
ALTER TABLE `uczen_help`
  ADD CONSTRAINT `uczen_help_ibfk_1` FOREIGN KEY (`Id_Ucznia`) REFERENCES `e-dziennik`.`student` (`Id`) ON DELETE CASCADE ON UPDATE CASCADE;
COMMIT;

/*!40101 SET CHARACTER_SET_CLIENT=@OLD_CHARACTER_SET_CLIENT */;
/*!40101 SET CHARACTER_SET_RESULTS=@OLD_CHARACTER_SET_RESULTS */;
/*!40101 SET COLLATION_CONNECTION=@OLD_COLLATION_CONNECTION */;
